id,agency_id,agency_code,employee_code,first_name,last_name,full_name,gender,birth_date,nni,ethnicity,phone,email,role,status,hire_date,contract_type,salary_grade,created_at,updated_at
1,1,NKC-N-001,AG-NKC-N-001-01,Mohamed Lemine,Bâ,Mohamed Lemine Bâ,M,2000-11-06,0001587056,WOLOF,+22237250815,mohamed lemine.bâ@nafadpay.mr,MANAGER,ACTIVE,2023-12-20,CDI,B,2023-12-20T06:12:30.173Z,2024-08-23T05:31:29.017Z
2,1,NKC-N-001,AG-NKC-N-001-02,Hawa,Mint Moulaye,Hawa Mint Moulaye,F,1996-03-24,9601612555,MAURE,+22249361338,hawa.mintmoulaye@nafadpay.mr,CASHIER,ACTIVE,2023-04-11,CDI,E,2023-04-11T10:45:27.946Z,2023-10-24T03:20:30.480Z
3,1,NKC-N-001,AG-NKC-N-001-03,Mariama,Sarr,Mariama Sarr,F,1974-01-18,7401349840,SONINKE,+22225111707,mariama.sarr@nafadpay.mr,CASHIER,ACTIVE,2020-01-08,CDI,D,2020-01-08T15:55:08.559Z,2023-07-25T16:57:38.642Z
4,1,NKC-N-001,AG-NKC-N-001-04,Souleymane,Koita,Souleymane Koita,M,1978-07-24,7801263715,SONINKE,+22247267096,souleymane.koita@nafadpay.mr,CASHIER,ACTIVE,2020-06-26,CDI,E,2020-06-26T23:44:46.796Z,2023-07-27T01:22:41.954Z
5,1,NKC-N-001,AG-NKC-N-001-05,Mouna,Anne,Mouna Anne,F,1999-03-10,9901479829,PEUL,+22233823493,mouna.anne@nafadpay.mr,CASHIER,ACTIVE,2021-04-28,CDI,D,2021-04-28T01:11:14.964Z,2022-04-22T22:36:16.444Z
6,2,NKC-N-002,AG-NKC-N-002-01,Dah,Ould Vall,Dah Ould Vall,M,1971-06-07,7101733899,MAURE,+22225221045,dah.ouldvall@nafadpay.mr,MANAGER,ACTIVE,2020-01-09,CDD,B,2020-01-09T22:39:45.395Z,2021-04-24T23:49:07.091Z
7,2,NKC-N-002,AG-NKC-N-002-02,Fatoumata,Fall,Fatoumata Fall,F,1996-09-19,9601336390,WOLOF,+22248578081,fatoumata.fall@nafadpay.mr,CASHIER,ACTIVE,2020-09-20,CDI,C,2020-09-20T16:26:34.078Z,2021-03-07T16:22:52.793Z
8,2,NKC-N-002,AG-NKC-N-002-03,Kiné,Barry,Kiné Barry,F,2000-02-24,0001332324,PEUL,+22249578077,kiné.barry@nafadpay.mr,CASHIER,ACTIVE,2020-03-20,STAGE,E,2020-03-20T19:25:35.558Z,2024-07-20T16:30:17.092Z
9,2,NKC-N-002,AG-NKC-N-002-04,Naima,Mint Abdel Kader,Naima Mint Abdel Kader,F,1998-03-22,9801876436,MAURE,+22222448902,naima.mintabdelkader@nafadpay.mr,CASHIER,ACTIVE,2022-07-28,CDD,C,2022-07-28T16:58:11.101Z,2022-08-20T07:25:06.288Z
10,2,NKC-N-002,AG-NKC-N-002-05,Youssouf,Ould Mokhtar,Youssouf Ould Mokhtar,M,1973-12-20,7301221051,MAURE,+22237107038,youssouf.ouldmokhtar@nafadpay.mr,CASHIER,ACTIVE,2022-11-07,CDI,D,2022-11-07T04:43:05.086Z,2023-12-09T23:19:20.731Z
11,3,NKC-N-003,AG-NKC-N-003-01,Zeinab,Fall,Zeinab Fall,F,1970-11-09,7001802446,PEUL,+22241852536,zeinab.fall@nafadpay.mr,MANAGER,ACTIVE,2021-04-25,STAGE,A,2021-04-25T06:00:11.091Z,2023-05-11T21:50:01.737Z
12,3,NKC-N-003,AG-NKC-N-003-02,Lehbib,Ould Horma,Lehbib Ould Horma,M,1985-04-10,8501053978,MAURE,+22246370238,lehbib.ouldhorma@nafadpay.mr,CASHIER,ACTIVE,2023-08-07,CDD,D,2023-08-07T01:53:26.495Z,2024-11-18T10:02:10.248Z
13,3,NKC-N-003,AG-NKC-N-003-03,Toumani,Gaye,Toumani Gaye,M,1978-02-13,7801625896,SONINKE,+22234487506,toumani.gaye@nafadpay.mr,CASHIER,ACTIVE,2023-07-09,CDD,E,2023-07-09T07:40:17.476Z,2024-05-29T01:41:39.010Z
14,4,NKC-N-004,AG-NKC-N-004-01,Ahmed,Sall,Ahmed Sall,M,1971-11-28,7101525551,WOLOF,+22222351887,ahmed.sall@nafadpay.mr,MANAGER,ACTIVE,2023-10-19,CDI,A,2023-10-19T15:12:31.680Z,2024-04-17T19:15:19.053Z
15,4,NKC-N-004,AG-NKC-N-004-02,Mounina,Mint Saad,Mounina Mint Saad,F,1975-05-28,7501110601,MAURE,+22232895051,mounina.mintsaad@nafadpay.mr,CASHIER,ACTIVE,2022-05-19,STAGE,C,2022-05-19T22:45:05.984Z,2024-04-18T18:19:53.001Z
16,4,NKC-N-004,AG-NKC-N-004-03,Demba,Doucouré,Demba Doucouré,M,1998-12-23,9801630377,SONINKE,+22223089668,demba.doucouré@nafadpay.mr,CASHIER,ACTIVE,2021-01-29,CDI,C,2021-01-29T09:13:25.834Z,2022-01-09T00:43:03.522Z
17,4,NKC-N-004,AG-NKC-N-004-04,Sidi,Ould Abdallah,Sidi Ould Abdallah,M,1980-05-13,8001794885,MAURE,+22222875059,sidi.ouldabdallah@nafadpay.mr,CASHIER,ACTIVE,2023-09-15,STAGE,D,2023-09-15T17:06:22.413Z,2023-10-28T19:31:51.023Z
18,4,NKC-N-004,AG-NKC-N-004-05,Nouhoum,Cissé,Nouhoum Cissé,M,1995-03-08,9501975972,SONINKE,+22234002135,nouhoum.cissé@nafadpay.mr,CASHIER,INACTIVE,2021-12-24,STAGE,E,2021-12-24T03:12:20.095Z,2023-06-06T05:01:02.975Z
19,5,NKC-N-005,AG-NKC-N-005-01,Ahmed,Ould Nagi,Ahmed Ould Nagi,M,1977-08-18,7701023257,MAURE,+22244639543,ahmed.ouldnagi@nafadpay.mr,MANAGER,ACTIVE,2021-08-29,CDD,A,2021-08-29T00:17:23.021Z,2023-10-27T05:28:19.668Z
20,5,NKC-N-005,AG-NKC-N-005-02,Fallou,Fall,Fallou Fall,M,1973-06-11,7301283688,PEUL,+22222288679,fallou.fall@nafadpay.mr,CASHIER,ACTIVE,2021-02-22,CDI,E,2021-02-22T00:35:57.753Z,2023-06-12T15:57:03.150Z
21,5,NKC-N-005,AG-NKC-N-005-03,Yaya,Ba,Yaya Ba,M,1991-02-10,9101689240,PEUL,+22237857528,yaya.ba@nafadpay.mr,CASHIER,ACTIVE,2022-01-07,STAGE,E,2022-01-07T16:06:19.641Z,2022-06-15T15:49:06.315Z
22,5,NKC-N-005,AG-NKC-N-005-04,Tacko,Baldé,Tacko Baldé,F,1986-05-16,8601241507,WOLOF,+22223506835,tacko.baldé@nafadpay.mr,CASHIER,ACTIVE,2023-12-30,STAGE,D,2023-12-30T05:15:35.932Z,2024-01-21T14:26:26.075Z
23,6,NKC-N-006,AG-NKC-N-006-01,Jemila,Mint Abdel Aziz,Jemila Mint Abdel Aziz,F,1992-10-04,9201992079,MAURE,+22236278444,jemila.mintabdelaziz@nafadpay.mr,MANAGER,ACTIVE,2023-11-29,CDD,B,2023-11-29T02:26:54.258Z,2024-05-16T14:21:29.369Z
24,6,NKC-N-006,AG-NKC-N-006-02,Massamba,Cissé,Massamba Cissé,M,1984-10-15,8401598342,SONINKE,+22224059264,massamba.cissé@nafadpay.mr,CASHIER,ACTIVE,2023-09-10,STAGE,E,2023-09-10T02:58:06.059Z,2024-03-10T16:43:58.190Z
25,6,NKC-N-006,AG-NKC-N-006-03,Haby,Anne,Haby Anne,F,1973-02-25,7301472420,PEUL,+22246577304,haby.anne@nafadpay.mr,CASHIER,ACTIVE,2023-10-21,CDD,C,2023-10-21T00:52:04.382Z,2024-05-17T04:29:40.720Z
26,6,NKC-N-006,AG-NKC-N-006-04,Thierno,Baldé,Thierno Baldé,M,1970-05-12,7001282572,WOLOF,+22235209124,thierno.baldé@nafadpay.mr,CASHIER,ACTIVE,2020-04-13,CDD,D,2020-04-13T20:51:47.620Z,2020-12-18T05:25:57.410Z
27,6,NKC-N-006,AG-NKC-N-006-05,Cheibany,Ould Brahim,Cheibany Ould Brahim,M,1973-01-18,7301095511,MAURE,+22225234742,cheibany.ouldbrahim@nafadpay.mr,CASHIER,ACTIVE,2021-07-26,STAGE,E,2021-07-26T16:26:08.066Z,2023-08-19T17:07:30.393Z
28,7,NKC-N-007,AG-NKC-N-007-01,Adama,Koné,Adama Koné,M,1995-08-18,9501185447,PEUL,+22237728042,adama.koné@nafadpay.mr,MANAGER,ACTIVE,2023-04-02,CDD,B,2023-04-02T12:01:30.499Z,2024-12-06T13:42:37.686Z
29,7,NKC-N-007,AG-NKC-N-007-02,Zein,Kane,Zein Kane,M,1987-07-22,8701014090,WOLOF,+22222667349,zein.kane@nafadpay.mr,CASHIER,ACTIVE,2021-04-28,CDI,E,2021-04-28T19:29:44.487Z,2024-10-30T09:50:31.204Z
30,7,NKC-N-007,AG-NKC-N-007-03,Hawa,Mint Mohamed,Hawa Mint Mohamed,F,1986-06-22,8601312113,MAURE,+22235439795,hawa.mintmohamed@nafadpay.mr,CASHIER,ACTIVE,2021-12-28,CDI,C,2021-12-28T02:32:57.891Z,2022-04-13T22:59:45.942Z
31,8,NKC-N-008,AG-NKC-N-008-01,Mohamed Yahya,Sarr,Mohamed Yahya Sarr,M,1989-02-28,8901151634,SONINKE,+22236073695,mohamed yahya.sarr@nafadpay.mr,MANAGER,ACTIVE,2021-05-27,STAGE,B,2021-05-27T19:19:16.416Z,2023-08-27T05:31:05.972Z
32,8,NKC-N-008,AG-NKC-N-008-02,Jemila,Mint Bouha,Jemila Mint Bouha,F,2000-09-04,0001222625,MAURE,+22223543962,jemila.mintbouha@nafadpay.mr,CASHIER,ACTIVE,2020-10-31,CDI,E,2020-10-31T18:04:03.785Z,2021-11-04T14:01:52.794Z
33,8,NKC-N-008,AG-NKC-N-008-03,Taleb,Ould Vadel,Taleb Ould Vadel,M,1970-07-21,7001353683,MAURE,+22235665729,taleb.ouldvadel@nafadpay.mr,CASHIER,ACTIVE,2023-03-18,CDD,D,2023-03-18T06:06:57.956Z,2024-11-17T01:45:59.211Z
34,8,NKC-N-008,AG-NKC-N-008-04,Abeih,Ould Nenni,Abeih Ould Nenni,M,1989-01-25,8901877202,MAURE,+22224990915,abeih.ouldnenni@nafadpay.mr,CASHIER,ACTIVE,2021-10-26,CDD,E,2021-10-26T17:45:28.282Z,2022-03-04T05:30:55.843Z
35,8,NKC-N-008,AG-NKC-N-008-05,Naima,Mint Vadel,Naima Mint Vadel,F,1975-01-13,7501402997,MAURE,+22225749948,naima.mintvadel@nafadpay.mr,CASHIER,ACTIVE,2021-11-11,STAGE,C,2021-11-11T22:21:05.432Z,2021-12-07T02:38:42.525Z
36,8,NKC-N-008,AG-NKC-N-008-06,Abdel Rahman,Ndiaye,Abdel Rahman Ndiaye,M,1972-10-25,7201180245,SONINKE,+22225841702,abdel rahman.ndiaye@nafadpay.mr,CASHIER,ACTIVE,2020-09-28,CDD,D,2020-09-28T19:43:03.847Z,2022-05-07T07:46:38.287Z
37,9,NKC-N-009,AG-NKC-N-009-01,Jemila,Kanouté,Jemila Kanouté,F,1972-02-24,7201576356,WOLOF,+22248685968,jemila.kanouté@nafadpay.mr,MANAGER,ACTIVE,2020-07-15,STAGE,B,2020-07-15T16:33:23.076Z,2024-05-22T03:02:35.432Z
38,9,NKC-N-009,AG-NKC-N-009-02,Dah,Ly,Dah Ly,M,1975-11-08,7501012949,PEUL,+22237857716,dah.ly@nafadpay.mr,CASHIER,ACTIVE,2020-12-31,STAGE,C,2020-12-31T19:36:35.769Z,2023-08-30T08:24:10.386Z
39,9,NKC-N-009,AG-NKC-N-009-03,El Hadj,Guèye,El Hadj Guèye,M,1999-10-03,9901160949,SONINKE,+22225347385,el hadj.guèye@nafadpay.mr,CASHIER,ACTIVE,2020-08-12,CDI,E,2020-08-12T19:50:11.128Z,2024-09-07T12:22:45.556Z
40,9,NKC-N-009,AG-NKC-N-009-04,Minetou,Camara,Minetou Camara,F,2000-08-11,0001446847,PEUL,+22224482920,minetou.camara@nafadpay.mr,CASHIER,ACTIVE,2020-09-10,CDD,E,2020-09-10T13:43:31.367Z,2021-04-20T22:08:49.935Z
41,10,NKC-N-010,AG-NKC-N-010-01,Mahfoudh,Ould Habiboullah,Mahfoudh Ould Habiboullah,M,1995-04-27,9501120446,MAURE,+22224087591,mahfoudh.ouldhabiboullah@nafadpay.mr,MANAGER,ACTIVE,2023-04-10,CDI,B,2023-04-10T00:38:31.268Z,2024-04-23T11:27:44.771Z
42,10,NKC-N-010,AG-NKC-N-010-02,Minetou,Diagana,Minetou Diagana,F,1975-04-23,7501889592,WOLOF,+22224599066,minetou.diagana@nafadpay.mr,CASHIER,ACTIVE,2021-05-13,CDD,E,2021-05-13T21:57:37.613Z,2024-10-04T19:58:56.081Z
43,11,NKC-N-011,AG-NKC-N-011-01,Aissata,Mint Abdel Aziz,Aissata Mint Abdel Aziz,F,1996-04-26,9601227625,MAURE,+22236262663,aissata.mintabdelaziz@nafadpay.mr,MANAGER,ACTIVE,2021-12-01,CDD,A,2021-12-01T00:36:44.870Z,2024-12-06T04:26:14.330Z
44,11,NKC-N-011,AG-NKC-N-011-02,Naha,Mint Vall,Naha Mint Vall,F,1985-02-20,8501860277,MAURE,+22233573487,naha.mintvall@nafadpay.mr,CASHIER,ACTIVE,2022-11-11,CDD,D,2022-11-11T16:58:55.332Z,2023-09-29T11:30:23.584Z
45,11,NKC-N-011,AG-NKC-N-011-03,Siaka,Diagana,Siaka Diagana,M,1970-07-04,7001260657,PEUL,+22222662722,siaka.diagana@nafadpay.mr,CASHIER,ACTIVE,2023-09-21,CDD,E,2023-09-21T04:00:50.550Z,2024-03-16T02:07:59.344Z
46,11,NKC-N-011,AG-NKC-N-011-04,Tidiane,Dia,Tidiane Dia,M,1985-07-08,8501284941,WOLOF,+22246732829,tidiane.dia@nafadpay.mr,CASHIER,ACTIVE,2023-12-02,STAGE,D,2023-12-02T04:48:20.218Z,2024-06-24T16:30:41.817Z
47,12,NKC-N-012,AG-NKC-N-012-01,Diakaridia,Fofana,Diakaridia Fofana,M,1990-12-16,9001362809,SONINKE,+22249021597,diakaridia.fofana@nafadpay.mr,MANAGER,ACTIVE,2020-03-11,CDD,A,2020-03-11T10:31:30.017Z,2024-12-02T21:44:33.030Z
48,12,NKC-N-012,AG-NKC-N-012-02,Samba,Guèye,Samba Guèye,M,1990-05-05,9001845883,SONINKE,+22232088587,samba.guèye@nafadpay.mr,CASHIER,ACTIVE,2021-07-26,CDD,C,2021-07-26T07:27:44.123Z,2024-12-24T12:50:13.906Z
49,12,NKC-N-012,AG-NKC-N-012-03,Wedadi,Ould Zein,Wedadi Ould Zein,M,1992-05-17,9201800662,MAURE,+22224007523,wedadi.ouldzein@nafadpay.mr,CASHIER,ACTIVE,2021-04-22,CDD,D,2021-04-22T00:55:17.233Z,2022-04-29T03:30:03.377Z
50,12,NKC-N-012,AG-NKC-N-012-04,Abdel Kader,Ould Taleb,Abdel Kader Ould Taleb,M,1988-03-11,8801502251,MAURE,+22235361613,abdel kader.ouldtaleb@nafadpay.mr,CASHIER,INACTIVE,2020-12-08,CDD,E,2020-12-08T21:31:40.511Z,2024-06-25T01:08:53.733Z
51,12,NKC-N-012,AG-NKC-N-012-05,Mohamed,Ould Nenni,Mohamed Ould Nenni,M,1991-02-14,9101690792,MAURE,+22224477454,mohamed.ouldnenni@nafadpay.mr,CASHIER,ACTIVE,2020-02-02,CDI,E,2020-02-02T01:52:05.539Z,2024-09-05T00:41:18.169Z
52,13,NKC-N-013,AG-NKC-N-013-01,Astou,Diakité,Astou Diakité,F,1976-12-19,7601849443,WOLOF,+22222032930,astou.diakité@nafadpay.mr,MANAGER,ACTIVE,2022-09-02,CDD,A,2022-09-02T14:23:40.685Z,2024-11-20T13:29:06.363Z
53,13,NKC-N-013,AG-NKC-N-013-02,Mohamed Yahya,Mbow,Mohamed Yahya Mbow,M,1985-08-03,8501285122,PEUL,+22232983790,mohamed yahya.mbow@nafadpay.mr,CASHIER,INACTIVE,2020-06-08,STAGE,C,2020-06-08T06:54:40.228Z,2023-12-10T01:04:57.003Z
54,13,NKC-N-013,AG-NKC-N-013-03,Ahmed Salem,Ould Habiboullah,Ahmed Salem Ould Habiboullah,M,1991-09-21,9101145652,MAURE,+22236345875,ahmed salem.ouldhabiboullah@nafadpay.mr,CASHIER,ACTIVE,2020-06-25,CDI,E,2020-06-25T10:52:14.784Z,2024-06-16T11:25:21.707Z
55,13,NKC-N-013,AG-NKC-N-013-04,Mahjouba,Thiam,Mahjouba Thiam,F,1990-03-25,9001962164,PEUL,+22232357777,mahjouba.thiam@nafadpay.mr,CASHIER,ACTIVE,2023-11-05,CDI,D,2023-11-05T23:06:43.869Z,2024-08-24T19:16:43.158Z
56,13,NKC-N-013,AG-NKC-N-013-05,Vatma,Mint Mahmoud,Vatma Mint Mahmoud,F,1971-08-18,7101778472,MAURE,+22236323239,vatma.mintmahmoud@nafadpay.mr,CASHIER,ACTIVE,2020-10-17,CDI,D,2020-10-17T09:37:06.833Z,2024-03-04T11:34:57.375Z
57,13,NKC-N-013,AG-NKC-N-013-06,Zeinab,Fofana,Zeinab Fofana,F,1970-11-03,7001113407,SONINKE,+22235337371,zeinab.fofana@nafadpay.mr,CASHIER,ACTIVE,2021-08-28,CDD,E,2021-08-28T02:05:54.058Z,2021-11-06T06:01:05.527Z
58,14,NKC-N-014,AG-NKC-N-014-01,Zakaria,Ould Cheikh,Zakaria Ould Cheikh,M,1994-03-07,9401528739,MAURE,+22235306608,zakaria.ouldcheikh@nafadpay.mr,MANAGER,ACTIVE,2020-06-26,CDD,B,2020-06-26T07:54:15.496Z,2022-02-06T06:46:12.494Z
59,14,NKC-N-014,AG-NKC-N-014-02,Gaoussou,Wane,Gaoussou Wane,M,1992-06-26,9201324809,PEUL,+22224791753,gaoussou.wane@nafadpay.mr,CASHIER,INACTIVE,2022-03-05,CDI,E,2022-03-05T21:42:34.466Z,2024-11-17T23:52:44.271Z
60,15,NKC-N-015,AG-NKC-N-015-01,Kesso,Thiaw,Kesso Thiaw,F,1997-11-09,9701814617,PEUL,+22241289881,kesso.thiaw@nafadpay.mr,MANAGER,ACTIVE,2023-06-05,CDI,A,2023-06-05T05:39:46.006Z,2023-12-25T16:59:57.104Z
61,15,NKC-N-015,AG-NKC-N-015-02,Souleymane,Ould Abeih,Souleymane Ould Abeih,M,1992-02-15,9201650395,MAURE,+22224018738,souleymane.ouldabeih@nafadpay.mr,CASHIER,ACTIVE,2020-03-04,CDD,D,2020-03-04T15:10:05.527Z,2023-02-26T19:58:40.748Z
62,15,NKC-N-015,AG-NKC-N-015-03,Ghalia,Mint El Mamy,Ghalia Mint El Mamy,F,1993-10-09,9301610752,MAURE,+22225389189,ghalia.mintelmamy@nafadpay.mr,CASHIER,ACTIVE,2020-05-13,STAGE,C,2020-05-13T13:05:49.830Z,2022-09-28T09:48:05.232Z
63,15,NKC-N-015,AG-NKC-N-015-04,Mounina,Dramé,Mounina Dramé,F,1985-02-16,8501053462,SONINKE,+22236309901,mounina.dramé@nafadpay.mr,CASHIER,ACTIVE,2023-01-13,CDI,D,2023-01-13T03:47:02.950Z,2023-07-30T04:25:37.828Z
64,15,NKC-N-015,AG-NKC-N-015-05,Abdallah,Ould Mokhtar,Abdallah Ould Mokhtar,M,1990-06-27,9001016209,MAURE,+22224569643,abdallah.ouldmokhtar@nafadpay.mr,CASHIER,ACTIVE,2022-04-14,STAGE,C,2022-04-14T21:56:28.567Z,2022-11-17T18:14:30.479Z
65,15,NKC-N-015,AG-NKC-N-015-06,Meymouna,Mint Wedadi,Meymouna Mint Wedadi,F,1981-07-19,8101278063,MAURE,+22236867509,meymouna.mintwedadi@nafadpay.mr,CASHIER,ACTIVE,2021-10-18,CDD,C,2021-10-18T16:58:42.071Z,2022-03-09T11:08:56.286Z
66,16,NKC-N-016,AG-NKC-N-016-01,Ethmane,Ould Dah,Ethmane Ould Dah,M,1974-02-07,7401755379,MAURE,+22233785382,ethmane.oulddah@nafadpay.mr,MANAGER,ACTIVE,2020-10-07,STAGE,B,2020-10-07T09:50:37.799Z,2021-11-07T11:20:29.878Z
67,16,NKC-N-016,AG-NKC-N-016-02,Aminetou,Bâ,Aminetou Bâ,F,1986-04-09,8601772360,PEUL,+22236839754,aminetou.bâ@nafadpay.mr,CASHIER,ACTIVE,2022-05-14,CDD,E,2022-05-14T11:23:47.728Z,2024-02-22T20:28:26.134Z
68,16,NKC-N-016,AG-NKC-N-016-03,Mahmoud,Ould Eleya,Mahmoud Ould Eleya,M,1970-05-25,7001894571,MAURE,+22244639426,mahmoud.ouldeleya@nafadpay.mr,CASHIER,ACTIVE,2022-09-22,STAGE,C,2022-09-22T00:48:27.166Z,2023-07-27T20:36:15.463Z
69,16,NKC-N-016,AG-NKC-N-016-04,Diakaridia,Bathily,Diakaridia Bathily,M,1998-08-26,9801325963,PEUL,+22224704695,diakaridia.bathily@nafadpay.mr,CASHIER,ACTIVE,2022-05-31,STAGE,E,2022-05-31T18:17:25.865Z,2023-01-07T03:41:23.676Z
70,16,NKC-N-016,AG-NKC-N-016-05,Hawa,Ndiaye,Hawa Ndiaye,F,1982-09-17,8201658268,PEUL,+22222477422,hawa.ndiaye@nafadpay.mr,CASHIER,ACTIVE,2023-08-11,STAGE,D,2023-08-11T10:37:25.081Z,2023-11-13T10:17:30.737Z
71,16,NKC-N-016,AG-NKC-N-016-06,Aichetou,Mint Ahmed,Aichetou Mint Ahmed,F,1972-02-21,7201797913,MAURE,+22222099681,aichetou.mintahmed@nafadpay.mr,CASHIER,ACTIVE,2022-01-25,CDI,C,2022-01-25T07:30:08.839Z,2024-08-30T04:38:47.300Z
72,17,NKC-N-017,AG-NKC-N-017-01,Mohamed,Ould Ethmane,Mohamed Ould Ethmane,M,1976-05-05,7601044338,MAURE,+22224131039,mohamed.ouldethmane@nafadpay.mr,MANAGER,ACTIVE,2023-06-04,STAGE,B,2023-06-04T14:09:22.295Z,2023-11-20T18:56:55.310Z
73,17,NKC-N-017,AG-NKC-N-017-02,Malick,Sow,Malick Sow,M,1984-04-16,8401980460,PEUL,+22233265561,malick.sow@nafadpay.mr,CASHIER,INACTIVE,2023-05-13,STAGE,C,2023-05-13T13:13:25.326Z,2024-11-20T14:28:16.391Z
74,17,NKC-N-017,AG-NKC-N-017-03,Vall,Ould Lemrabott,Vall Ould Lemrabott,M,1985-06-15,8501319322,MAURE,+22225456777,vall.ouldlemrabott@nafadpay.mr,CASHIER,ACTIVE,2023-11-23,STAGE,C,2023-11-23T00:53:38.502Z,2023-12-29T14:57:56.324Z
75,17,NKC-N-017,AG-NKC-N-017-04,Hamadi,Ould El Ghassem,Hamadi Ould El Ghassem,M,1972-11-12,7201004699,MAURE,+22234051323,hamadi.ouldelghassem@nafadpay.mr,CASHIER,ACTIVE,2022-01-13,CDD,C,2022-01-13T20:47:45.036Z,2022-03-23T04:45:39.569Z
76,17,NKC-N-017,AG-NKC-N-017-05,Mohamed Mahmoud,Tall,Mohamed Mahmoud Tall,M,1977-01-15,7701356100,PEUL,+22224966561,mohamed mahmoud.tall@nafadpay.mr,CASHIER,INACTIVE,2022-04-21,CDI,C,2022-04-21T07:24:29.877Z,2022-06-23T18:09:47.519Z
77,17,NKC-N-017,AG-NKC-N-017-06,Vadel,Sy,Vadel Sy,M,1999-06-22,9901552764,SONINKE,+22232355270,vadel.sy@nafadpay.mr,CASHIER,ACTIVE,2023-05-23,STAGE,C,2023-05-23T19:50:42.716Z,2023-08-29T23:44:20.060Z
78,18,NKC-N-018,AG-NKC-N-018-01,Maimouna,Diarra,Maimouna Diarra,F,1988-06-17,8801764060,PEUL,+22224951065,maimouna.diarra@nafadpay.mr,MANAGER,ACTIVE,2021-07-06,CDI,A,2021-07-06T11:55:54.549Z,2022-09-01T14:30:30.139Z
79,18,NKC-N-018,AG-NKC-N-018-02,Moctar,Ly,Moctar Ly,M,1986-11-18,8601305801,SONINKE,+22222427637,moctar.ly@nafadpay.mr,CASHIER,ACTIVE,2020-09-23,CDI,D,2020-09-23T08:58:37.623Z,2023-01-02T11:52:44.657Z
80,18,NKC-N-018,AG-NKC-N-018-03,Cheikh Sidiya,Ndour,Cheikh Sidiya Ndour,M,1998-01-12,9801152994,PEUL,+22249908696,cheikh sidiya.ndour@nafadpay.mr,CASHIER,ACTIVE,2023-06-20,CDD,D,2023-06-20T03:52:35.482Z,2023-08-05T11:58:59.258Z
81,19,NKC-N-019,AG-NKC-N-019-01,Boubacar,Ould Mahmoud,Boubacar Ould Mahmoud,M,1978-12-22,7801970158,MAURE,+22235890342,boubacar.ouldmahmoud@nafadpay.mr,MANAGER,ACTIVE,2022-01-13,CDD,B,2022-01-13T21:51:53.520Z,2022-06-24T19:52:37.443Z
82,19,NKC-N-019,AG-NKC-N-019-02,Naha,Ly,Naha Ly,F,1975-12-19,7501924457,WOLOF,+22224546753,naha.ly@nafadpay.mr,CASHIER,ACTIVE,2022-10-31,CDD,E,2022-10-31T03:49:18.450Z,2023-04-25T22:35:20.397Z
83,20,NKC-O-001,AG-NKC-O-001-01,Abeih,Ould Abeih,Abeih Ould Abeih,M,1992-07-26,9202661949,MAURE,+22222215794,abeih.ouldabeih@nafadpay.mr,MANAGER,ACTIVE,2021-01-29,STAGE,A,2021-01-29T03:13:05.855Z,2023-01-29T12:30:26.269Z
84,20,NKC-O-001,AG-NKC-O-001-02,Rokaya,Mint Sidi,Rokaya Mint Sidi,F,1985-08-21,8502535435,MAURE,+22225824934,rokaya.mintsidi@nafadpay.mr,CASHIER,INACTIVE,2021-10-19,CDD,C,2021-10-19T12:09:51.640Z,2023-07-15T14:25:43.707Z
85,20,NKC-O-001,AG-NKC-O-001-03,Yacoub,Faye,Yacoub Faye,M,1978-02-22,7802764284,WOLOF,+22246008118,yacoub.faye@nafadpay.mr,CASHIER,ACTIVE,2023-04-18,CDI,E,2023-04-18T01:50:06.744Z,2023-10-23T01:34:34.920Z
86,20,NKC-O-001,AG-NKC-O-001-04,Diakaridia,Ly,Diakaridia Ly,M,1974-10-26,7402026641,PEUL,+22245028740,diakaridia.ly@nafadpay.mr,CASHIER,ACTIVE,2020-10-31,STAGE,D,2020-10-31T19:40:25.446Z,2022-04-08T06:15:49.777Z
87,21,NKC-O-002,AG-NKC-O-002-01,Ghali,Ould Tourad,Ghali Ould Tourad,M,1983-05-05,8302810417,MAURE,+22235078643,ghali.ouldtourad@nafadpay.mr,MANAGER,ACTIVE,2023-05-02,CDI,B,2023-05-02T00:56:47.299Z,2024-06-10T04:43:30.193Z
88,21,NKC-O-002,AG-NKC-O-002-02,Abdallah,Ndiaye,Abdallah Ndiaye,M,1988-02-15,8802716271,WOLOF,+22222672764,abdallah.ndiaye@nafadpay.mr,CASHIER,ACTIVE,2021-03-31,STAGE,D,2021-03-31T02:36:50.776Z,2021-07-02T07:53:18.121Z
89,21,NKC-O-002,AG-NKC-O-002-03,El Mokhtar,Ould Messoud,El Mokhtar Ould Messoud,M,1975-12-23,7502836269,MAURE,+22242117953,el mokhtar.ouldmessoud@nafadpay.mr,CASHIER,ACTIVE,2023-08-18,STAGE,D,2023-08-18T05:47:39.943Z,2024-06-12T08:17:57.619Z
90,22,NKC-O-003,AG-NKC-O-003-01,Makan,Sakho,Makan Sakho,M,1993-04-09,9302045092,WOLOF,+22222780883,makan.sakho@nafadpay.mr,MANAGER,ACTIVE,2022-10-06,STAGE,B,2022-10-06T18:41:12.036Z,2023-01-20T06:47:18.758Z
91,22,NKC-O-003,AG-NKC-O-003-02,Halima,Barry,Halima Barry,F,1992-02-13,9202746808,PEUL,+22224231620,halima.barry@nafadpay.mr,CASHIER,ACTIVE,2020-03-19,CDD,C,2020-03-19T04:04:54.037Z,2023-08-21T22:07:48.477Z
92,22,NKC-O-003,AG-NKC-O-003-03,Malouma,Mint El Mokhtar,Malouma Mint El Mokhtar,F,1974-02-04,7402331145,MAURE,+22222684793,malouma.mintelmokhtar@nafadpay.mr,CASHIER,ACTIVE,2021-05-24,CDI,E,2021-05-24T05:31:05.718Z,2024-08-08T17:55:32.009Z
93,22,NKC-O-003,AG-NKC-O-003-04,Cellou,Sarr,Cellou Sarr,M,2000-10-13,0002435431,PEUL,+22223937774,cellou.sarr@nafadpay.mr,CASHIER,INACTIVE,2021-01-01,CDI,D,2021-01-01T20:06:31.138Z,2021-07-27T07:31:12.741Z
94,23,NKC-O-004,AG-NKC-O-004-01,Zeinab,Mint Sidi,Zeinab Mint Sidi,F,1995-02-25,9502645393,MAURE,+22247654460,zeinab.mintsidi@nafadpay.mr,MANAGER,INACTIVE,2023-08-29,CDD,B,2023-08-29T04:11:35.392Z,2023-12-25T10:06:10.022Z
95,23,NKC-O-004,AG-NKC-O-004-02,Bilal,Ould El Mamy,Bilal Ould El Mamy,M,1992-10-03,9202806074,MAURE,+22235572673,bilal.ouldelmamy@nafadpay.mr,CASHIER,ACTIVE,2021-04-20,CDD,C,2021-04-20T13:16:41.041Z,2023-05-16T02:33:03.093Z
96,23,NKC-O-004,AG-NKC-O-004-03,Houda,Mint Limam,Houda Mint Limam,F,1978-09-04,7802822784,MAURE,+22247550730,houda.mintlimam@nafadpay.mr,CASHIER,ACTIVE,2021-12-27,CDD,C,2021-12-27T22:47:59.981Z,2022-03-24T11:46:08.554Z
97,23,NKC-O-004,AG-NKC-O-004-04,Boubacar,Diallo,Boubacar Diallo,M,1981-07-05,8102843309,PEUL,+22236363350,boubacar.diallo@nafadpay.mr,CASHIER,ACTIVE,2023-09-05,STAGE,D,2023-09-05T14:47:54.389Z,2024-08-12T05:48:54.418Z
98,24,NKC-O-005,AG-NKC-O-005-01,Dah,Ould Salem,Dah Ould Salem,M,1983-01-04,8302147207,MAURE,+22237347050,dah.ouldsalem@nafadpay.mr,MANAGER,ACTIVE,2021-08-28,CDI,A,2021-08-28T02:26:58.077Z,2024-07-11T07:24:21.864Z
99,24,NKC-O-005,AG-NKC-O-005-02,Aminetou,Mint Abeih,Aminetou Mint Abeih,F,1972-06-09,7202625868,MAURE,+22224546977,aminetou.mintabeih@nafadpay.mr,CASHIER,ACTIVE,2021-04-30,CDI,C,2021-04-30T14:12:08.231Z,2024-04-14T15:12:46.032Z
100,25,NKC-O-006,AG-NKC-O-006-01,Ahmed,Ndiaye,Ahmed Ndiaye,M,1983-11-11,8302032446,PEUL,+22225221576,ahmed.ndiaye@nafadpay.mr,MANAGER,ACTIVE,2023-08-05,CDI,A,2023-08-05T04:45:53.816Z,2024-01-03T00:08:10.726Z
101,25,NKC-O-006,AG-NKC-O-006-02,El Hacen,Ould Vadel,El Hacen Ould Vadel,M,1990-11-23,9002915804,MAURE,+22225848732,el hacen.ouldvadel@nafadpay.mr,CASHIER,ACTIVE,2022-07-24,CDI,C,2022-07-24T03:18:31.115Z,2024-08-10T06:35:11.097Z
102,25,NKC-O-006,AG-NKC-O-006-03,Mohamed Salem,Ould Cheikh,Mohamed Salem Ould Cheikh,M,1986-03-15,8602262871,MAURE,+22222382065,mohamed salem.ouldcheikh@nafadpay.mr,CASHIER,ACTIVE,2022-09-30,CDI,C,2022-09-30T20:09:53.485Z,2023-03-31T16:09:03.288Z
103,26,NKC-O-007,AG-NKC-O-007-01,Taleb,Ould Lemrabott,Taleb Ould Lemrabott,M,1977-06-28,7702047007,MAURE,+22232314234,taleb.ouldlemrabott@nafadpay.mr,MANAGER,ACTIVE,2021-05-31,CDD,A,2021-05-31T21:39:43.099Z,2022-02-13T06:08:37.036Z
104,26,NKC-O-007,AG-NKC-O-007-02,Defa,Sissoko,Defa Sissoko,F,1974-04-18,7402866238,PEUL,+22234819352,defa.sissoko@nafadpay.mr,CASHIER,ACTIVE,2023-11-01,CDI,D,2023-11-01T21:11:33.255Z,2024-07-07T12:39:00.195Z
105,26,NKC-O-007,AG-NKC-O-007-03,Koumba,Fall,Koumba Fall,F,1971-01-18,7102376938,SONINKE,+22222362811,koumba.fall@nafadpay.mr,CASHIER,ACTIVE,2021-01-28,STAGE,D,2021-01-28T03:10:53.273Z,2022-09-03T16:40:08.196Z
106,26,NKC-O-007,AG-NKC-O-007-04,Halima,Mint Tourad,Halima Mint Tourad,F,2000-02-19,0002793304,MAURE,+22222527393,halima.minttourad@nafadpay.mr,CASHIER,ACTIVE,2022-01-16,CDI,D,2022-01-16T21:59:38.984Z,2023-05-12T20:52:23.740Z
107,26,NKC-O-007,AG-NKC-O-007-05,Mahmoud,Ould Cheikh,Mahmoud Ould Cheikh,M,1990-06-02,9002447680,MAURE,+22232553445,mahmoud.ouldcheikh@nafadpay.mr,CASHIER,ACTIVE,2020-09-03,STAGE,C,2020-09-03T20:48:49.861Z,2022-03-18T17:39:45.032Z
108,27,NKC-O-008,AG-NKC-O-008-01,Minetou,Mint Dah,Minetou Mint Dah,F,1984-07-19,8402910015,MAURE,+22232533516,minetou.mintdah@nafadpay.mr,MANAGER,ACTIVE,2020-07-11,CDI,B,2020-07-11T04:01:10.958Z,2023-12-26T15:57:00.993Z
109,27,NKC-O-008,AG-NKC-O-008-02,Ahmedou,Ould Isselmou,Ahmedou Ould Isselmou,M,1996-06-23,9602591361,MAURE,+22243558978,ahmedou.ouldisselmou@nafadpay.mr,CASHIER,ACTIVE,2020-02-04,CDI,D,2020-02-04T09:30:57.384Z,2022-02-09T00:24:15.038Z
110,27,NKC-O-008,AG-NKC-O-008-03,Sékou,Fofana,Sékou Fofana,M,1975-04-07,7502541565,PEUL,+22225316604,sékou.fofana@nafadpay.mr,CASHIER,ACTIVE,2020-06-22,CDI,E,2020-06-22T08:23:17.388Z,2021-02-11T12:30:20.260Z
111,27,NKC-O-008,AG-NKC-O-008-04,Fodé,Tall,Fodé Tall,M,1974-10-22,7402950142,PEUL,+22233680730,fodé.tall@nafadpay.mr,CASHIER,ACTIVE,2020-09-05,CDD,C,2020-09-05T08:31:38.574Z,2022-12-12T20:08:06.465Z
112,27,NKC-O-008,AG-NKC-O-008-05,Saleck,Ould Nagi,Saleck Ould Nagi,M,1995-04-17,9502194000,MAURE,+22225297167,saleck.ouldnagi@nafadpay.mr,CASHIER,ACTIVE,2020-08-29,CDD,D,2020-08-29T15:59:16.325Z,2023-02-22T12:25:25.512Z
113,27,NKC-O-008,AG-NKC-O-008-06,Oumou,Ndiaye,Oumou Ndiaye,F,1979-10-19,7902770877,SONINKE,+22225469982,oumou.ndiaye@nafadpay.mr,CASHIER,ACTIVE,2021-09-20,CDD,C,2021-09-20T09:27:05.418Z,2022-11-05T09:50:18.315Z
114,28,NKC-O-009,AG-NKC-O-009-01,Rokaya,Bâ,Rokaya Bâ,F,1993-09-17,9302648529,PEUL,+22223124471,rokaya.bâ@nafadpay.mr,MANAGER,ACTIVE,2022-06-24,STAGE,A,2022-06-24T12:55:35.096Z,2023-12-26T10:43:23.630Z
115,28,NKC-O-009,AG-NKC-O-009-02,Saad,Sy,Saad Sy,M,1980-07-16,8002655938,WOLOF,+22247457982,saad.sy@nafadpay.mr,CASHIER,ACTIVE,2022-07-03,STAGE,D,2022-07-03T05:57:53.628Z,2024-06-10T19:47:19.688Z
116,28,NKC-O-009,AG-NKC-O-009-03,Rougui,Sakho,Rougui Sakho,F,1977-12-17,7702199522,PEUL,+22225713714,rougui.sakho@nafadpay.mr,CASHIER,ACTIVE,2022-01-02,CDI,D,2022-01-02T22:54:59.282Z,2024-11-12T13:58:20.643Z
117,29,NKC-O-010,AG-NKC-O-010-01,Abdourahmane,Fall,Abdourahmane Fall,M,1995-08-23,9502563268,PEUL,+22246161842,abdourahmane.fall@nafadpay.mr,MANAGER,ACTIVE,2021-03-27,STAGE,B,2021-03-27T03:25:15.114Z,2023-10-16T00:30:01.726Z
118,29,NKC-O-010,AG-NKC-O-010-02,Safi,Koné,Safi Koné,F,1979-06-22,7902631345,WOLOF,+22232433214,safi.koné@nafadpay.mr,CASHIER,ACTIVE,2022-04-18,STAGE,C,2022-04-18T20:58:21.125Z,2024-12-17T17:55:01.478Z
119,29,NKC-O-010,AG-NKC-O-010-03,Mahamadou,Fofana,Mahamadou Fofana,M,1970-05-02,7002862151,SONINKE,+22233090919,mahamadou.fofana@nafadpay.mr,CASHIER,ACTIVE,2022-12-21,CDD,E,2022-12-21T08:50:47.427Z,2024-06-07T18:44:06.101Z
120,29,NKC-O-010,AG-NKC-O-010-04,Abeih,Bah,Abeih Bah,M,1997-07-19,9702590563,PEUL,+22225105182,abeih.bah@nafadpay.mr,CASHIER,ACTIVE,2023-03-16,CDI,D,2023-03-16T16:30:21.287Z,2024-10-04T00:00:00.495Z
121,29,NKC-O-010,AG-NKC-O-010-05,Ghali,Ould Jiddou,Ghali Ould Jiddou,M,1980-12-25,8002957630,MAURE,+22224667955,ghali.ouldjiddou@nafadpay.mr,CASHIER,ACTIVE,2023-05-11,CDI,C,2023-05-11T23:07:54.394Z,2024-02-10T23:16:21.854Z
122,30,NKC-O-011,AG-NKC-O-011-01,Defa,Mint Ghali,Defa Mint Ghali,F,1995-12-08,9502048435,MAURE,+22249620460,defa.mintghali@nafadpay.mr,MANAGER,ACTIVE,2023-02-26,STAGE,A,2023-02-26T03:21:08.102Z,2024-11-07T21:47:54.223Z
123,30,NKC-O-011,AG-NKC-O-011-02,Cheibany,Koita,Cheibany Koita,M,1975-09-09,7502655033,WOLOF,+22236709411,cheibany.koita@nafadpay.mr,CASHIER,ACTIVE,2020-11-01,CDI,C,2020-11-01T19:30:09.869Z,2024-10-09T15:59:11.893Z
124,30,NKC-O-011,AG-NKC-O-011-03,Khadijetou,Mint Hadrami,Khadijetou Mint Hadrami,F,1995-11-21,9502002895,MAURE,+22224219437,khadijetou.minthadrami@nafadpay.mr,CASHIER,ACTIVE,2020-06-27,CDI,D,2020-06-27T13:33:58.704Z,2022-09-08T04:13:18.891Z
125,31,NKC-O-012,AG-NKC-O-012-01,Brahim,Kouyaté,Brahim Kouyaté,M,1981-02-06,8102041118,SONINKE,+22232282712,brahim.kouyaté@nafadpay.mr,MANAGER,ACTIVE,2023-01-13,CDD,A,2023-01-13T01:18:49.679Z,2023-03-14T21:01:03.700Z
126,31,NKC-O-012,AG-NKC-O-012-02,Yero,Koita,Yero Koita,M,1977-06-18,7702016407,SONINKE,+22234498313,yero.koita@nafadpay.mr,CASHIER,ACTIVE,2023-08-10,STAGE,E,2023-08-10T16:35:43.763Z,2024-05-26T14:48:42.766Z
127,31,NKC-O-012,AG-NKC-O-012-03,Kadiatou,Sy,Kadiatou Sy,F,1982-03-13,8202824769,SONINKE,+22225043915,kadiatou.sy@nafadpay.mr,CASHIER,ACTIVE,2021-09-11,CDI,C,2021-09-11T00:05:55.181Z,2021-11-01T01:41:20.807Z
128,32,NKC-O-013,AG-NKC-O-013-01,Salka,Diop,Salka Diop,F,1985-09-18,8502941740,PEUL,+22225599043,salka.diop@nafadpay.mr,MANAGER,ACTIVE,2021-09-22,STAGE,A,2021-09-22T00:41:04.409Z,2024-03-20T23:44:14.817Z
129,32,NKC-O-013,AG-NKC-O-013-02,Ahmed Salem,Ould Khalil,Ahmed Salem Ould Khalil,M,2000-03-17,0002981921,MAURE,+22235636929,ahmed salem.ouldkhalil@nafadpay.mr,CASHIER,ACTIVE,2022-01-13,CDI,E,2022-01-13T09:12:58.768Z,2024-07-19T17:14:14.282Z
130,32,NKC-O-013,AG-NKC-O-013-03,Mohamed,Diop,Mohamed Diop,M,1984-01-09,8402774978,SONINKE,+22233579620,mohamed.diop@nafadpay.mr,CASHIER,ACTIVE,2021-12-15,CDI,E,2021-12-15T00:53:23.302Z,2022-05-06T20:53:29.154Z
131,32,NKC-O-013,AG-NKC-O-013-04,Abdellahi,Diallo,Abdellahi Diallo,M,2000-04-16,0002373094,SONINKE,+22223083966,abdellahi.diallo@nafadpay.mr,CASHIER,INACTIVE,2022-08-30,CDD,C,2022-08-30T07:29:00.107Z,2024-10-10T10:34:32.273Z
132,32,NKC-O-013,AG-NKC-O-013-05,Dado,Wane,Dado Wane,F,1972-05-07,7202449233,WOLOF,+22245050969,dado.wane@nafadpay.mr,CASHIER,ACTIVE,2020-09-23,STAGE,E,2020-09-23T01:19:58.892Z,2021-03-14T02:53:30.489Z
133,32,NKC-O-013,AG-NKC-O-013-06,Alassane,Diop,Alassane Diop,M,1981-11-23,8102508352,WOLOF,+22224846168,alassane.diop@nafadpay.mr,CASHIER,ACTIVE,2020-04-19,CDI,E,2020-04-19T00:10:15.029Z,2024-12-29T12:33:08.848Z
134,33,NKC-O-014,AG-NKC-O-014-01,Aichetou,Soumaré,Aichetou Soumaré,F,1986-11-01,8602172376,WOLOF,+22236945769,aichetou.soumaré@nafadpay.mr,MANAGER,ACTIVE,2023-05-05,STAGE,A,2023-05-05T13:57:26.432Z,2023-09-10T06:30:02.360Z
135,33,NKC-O-014,AG-NKC-O-014-02,Jemila,Mint Abdel Kader,Jemila Mint Abdel Kader,F,1979-01-20,7902697493,MAURE,+22223161239,jemila.mintabdelkader@nafadpay.mr,CASHIER,ACTIVE,2022-03-29,CDI,C,2022-03-29T08:28:28.622Z,2022-08-14T06:13:06.684Z
136,33,NKC-O-014,AG-NKC-O-014-03,Sira,Kouyaté,Sira Kouyaté,F,1982-07-14,8202323640,WOLOF,+22224412394,sira.kouyaté@nafadpay.mr,CASHIER,ACTIVE,2023-06-22,CDD,D,2023-06-22T17:20:18.867Z,2024-11-28T07:15:02.283Z
137,33,NKC-O-014,AG-NKC-O-014-04,Demba,Baldé,Demba Baldé,M,1988-01-16,8802046356,PEUL,+22225786455,demba.baldé@nafadpay.mr,CASHIER,INACTIVE,2022-01-13,STAGE,E,2022-01-13T04:16:32.225Z,2024-03-31T15:40:10.301Z
138,34,NKC-O-015,AG-NKC-O-015-01,Leila,Sy,Leila Sy,F,1971-11-02,7102718556,SONINKE,+22223154678,leila.sy@nafadpay.mr,MANAGER,ACTIVE,2023-09-17,CDI,B,2023-09-17T14:38:22.255Z,2023-09-28T13:25:40.233Z
139,34,NKC-O-015,AG-NKC-O-015-02,Abdallah,Niang,Abdallah Niang,M,1984-04-13,8402023032,SONINKE,+22237504095,abdallah.niang@nafadpay.mr,CASHIER,ACTIVE,2020-04-05,CDD,D,2020-04-05T13:39:59.218Z,2022-07-12T01:03:15.783Z
140,34,NKC-O-015,AG-NKC-O-015-03,Abdel Rahman,Ould Habiboullah,Abdel Rahman Ould Habiboullah,M,1975-01-13,7502650342,MAURE,+22245398403,abdel rahman.ouldhabiboullah@nafadpay.mr,CASHIER,ACTIVE,2023-12-12,STAGE,D,2023-12-12T15:15:36.474Z,2024-11-26T12:36:56.760Z
141,34,NKC-O-015,AG-NKC-O-015-04,Mouna,Mint Ethmane,Mouna Mint Ethmane,F,1992-02-10,9202273140,MAURE,+22225587841,mouna.mintethmane@nafadpay.mr,CASHIER,ACTIVE,2023-11-30,STAGE,C,2023-11-30T17:18:49.040Z,2024-12-21T17:00:56.266Z
142,34,NKC-O-015,AG-NKC-O-015-05,Harouna,Dia,Harouna Dia,M,1976-03-13,7602184299,PEUL,+22225609568,harouna.dia@nafadpay.mr,CASHIER,ACTIVE,2020-12-11,STAGE,D,2020-12-11T17:15:35.650Z,2022-05-13T09:16:39.478Z
143,35,NKC-O-016,AG-NKC-O-016-01,Mahjouba,Fall,Mahjouba Fall,F,1981-02-13,8102411917,WOLOF,+22223466161,mahjouba.fall@nafadpay.mr,MANAGER,ACTIVE,2020-05-01,CDI,B,2020-05-01T20:34:19.440Z,2023-10-20T03:41:09.160Z
144,35,NKC-O-016,AG-NKC-O-016-02,Jiddou,Ould Khatri,Jiddou Ould Khatri,M,1995-05-21,9502012087,MAURE,+22232189123,jiddou.ouldkhatri@nafadpay.mr,CASHIER,ACTIVE,2021-10-31,CDI,C,2021-10-31T20:28:45.232Z,2024-02-06T11:57:43.008Z
145,35,NKC-O-016,AG-NKC-O-016-03,Ahmed Baba,Wade,Ahmed Baba Wade,M,1975-11-18,7502467540,PEUL,+22222004049,ahmed baba.wade@nafadpay.mr,CASHIER,ACTIVE,2023-12-09,CDD,D,2023-12-09T05:21:51.271Z,2024-04-08T16:02:18.015Z
146,35,NKC-O-016,AG-NKC-O-016-04,Bassirou,Diop,Bassirou Diop,M,1977-06-28,7702283278,PEUL,+22241205812,bassirou.diop@nafadpay.mr,CASHIER,ACTIVE,2022-02-23,STAGE,E,2022-02-23T09:36:36.886Z,2022-09-09T16:30:53.285Z
147,35,NKC-O-016,AG-NKC-O-016-05,Salka,Mint Ahmedou,Salka Mint Ahmedou,F,1983-05-05,8302333035,MAURE,+22236265258,salka.mintahmedou@nafadpay.mr,CASHIER,INACTIVE,2023-10-24,STAGE,E,2023-10-24T04:47:18.233Z,2024-11-06T09:21:53.937Z
148,36,NKC-O-017,AG-NKC-O-017-01,Moustapha,Ould Abeih,Moustapha Ould Abeih,M,1981-07-21,8102801853,MAURE,+22237210271,moustapha.ouldabeih@nafadpay.mr,MANAGER,ACTIVE,2023-02-12,STAGE,B,2023-02-12T06:36:13.806Z,2023-02-23T15:46:51.618Z
149,36,NKC-O-017,AG-NKC-O-017-02,Limam,Ould Hamadi,Limam Ould Hamadi,M,1997-05-14,9702828781,MAURE,+22237638043,limam.ouldhamadi@nafadpay.mr,CASHIER,ACTIVE,2020-04-11,STAGE,E,2020-04-11T12:43:46.464Z,2022-07-05T15:04:39.191Z
150,36,NKC-O-017,AG-NKC-O-017-03,Cheikh Sidiya,Ould Salem,Cheikh Sidiya Ould Salem,M,1994-09-17,9402361836,MAURE,+22235130013,cheikh sidiya.ouldsalem@nafadpay.mr,CASHIER,INACTIVE,2020-10-25,CDD,E,2020-10-25T23:05:52.133Z,2023-05-13T20:08:02.526Z
151,36,NKC-O-017,AG-NKC-O-017-04,Anta,Bâ,Anta Bâ,F,1976-04-23,7602763225,PEUL,+22223182103,anta.bâ@nafadpay.mr,CASHIER,ACTIVE,2022-10-29,STAGE,C,2022-10-29T02:18:55.639Z,2023-06-16T11:35:24.485Z
152,36,NKC-O-017,AG-NKC-O-017-05,Souleymane,Diop,Souleymane Diop,M,1991-02-14,9102560430,SONINKE,+22233001354,souleymane.diop@nafadpay.mr,CASHIER,ACTIVE,2020-02-08,STAGE,E,2020-02-08T23:30:03.165Z,2020-04-07T22:00:10.765Z
153,37,NKC-O-018,AG-NKC-O-018-01,Awa,Diallo,Awa Diallo,F,1976-03-15,7602466933,SONINKE,+22241713040,awa.diallo@nafadpay.mr,MANAGER,ACTIVE,2021-11-04,CDI,A,2021-11-04T15:38:15.970Z,2022-07-04T20:29:22.103Z
154,37,NKC-O-018,AG-NKC-O-018-02,Mbarka,Kane,Mbarka Kane,F,1975-11-06,7502355153,PEUL,+22224234839,mbarka.kane@nafadpay.mr,CASHIER,ACTIVE,2021-12-26,CDI,C,2021-12-26T06:50:11.380Z,2022-06-26T13:42:44.981Z
155,37,NKC-O-018,AG-NKC-O-018-03,Aïssata,Wade,Aïssata Wade,F,1978-02-18,7802775950,SONINKE,+22235579591,aïssata.wade@nafadpay.mr,CASHIER,ACTIVE,2023-01-19,CDD,E,2023-01-19T12:57:15.864Z,2024-04-09T10:40:06.143Z
156,37,NKC-O-018,AG-NKC-O-018-04,Saad,Koné,Saad Koné,M,1992-04-20,9202335273,PEUL,+22223385844,saad.koné@nafadpay.mr,CASHIER,ACTIVE,2020-09-05,STAGE,C,2020-09-05T21:22:05.527Z,2023-12-24T02:57:35.094Z
157,37,NKC-O-018,AG-NKC-O-018-05,Dialika,Diakité,Dialika Diakité,F,1982-01-26,8202390363,PEUL,+22244495194,dialika.diakité@nafadpay.mr,CASHIER,ACTIVE,2022-12-25,CDD,E,2022-12-25T17:20:39.572Z,2024-09-25T01:20:37.597Z
158,38,NKC-O-019,AG-NKC-O-019-01,Saliou,Kanouté,Saliou Kanouté,M,1978-11-27,7802103001,PEUL,+22225977304,saliou.kanouté@nafadpay.mr,MANAGER,ACTIVE,2020-10-04,STAGE,A,2020-10-04T19:42:16.665Z,2024-07-16T14:40:21.010Z
159,38,NKC-O-019,AG-NKC-O-019-02,Hawa,Mint Vall,Hawa Mint Vall,F,1974-01-10,7402417320,MAURE,+22225907149,hawa.mintvall@nafadpay.mr,CASHIER,ACTIVE,2022-03-29,STAGE,E,2022-03-29T15:40:02.186Z,2022-07-27T19:13:56.792Z
160,38,NKC-O-019,AG-NKC-O-019-03,Boubacar,Ould Jiddou,Boubacar Ould Jiddou,M,1984-10-27,8402585204,MAURE,+22236614266,boubacar.ouldjiddou@nafadpay.mr,CASHIER,ACTIVE,2023-08-12,CDI,C,2023-08-12T03:02:02.887Z,2024-03-01T17:12:06.759Z
161,39,NKC-O-020,AG-NKC-O-020-01,Kelthoum,Mint Ghali,Kelthoum Mint Ghali,F,1998-06-15,9802258565,MAURE,+22248806626,kelthoum.mintghali@nafadpay.mr,MANAGER,ACTIVE,2020-06-09,CDI,B,2020-06-09T22:53:17.735Z,2024-01-20T00:32:21.550Z
162,39,NKC-O-020,AG-NKC-O-020-02,Taleb,Ould Horma,Taleb Ould Horma,M,1987-06-03,8702632075,MAURE,+22223507346,taleb.ouldhorma@nafadpay.mr,CASHIER,ACTIVE,2020-04-04,CDI,E,2020-04-04T04:05:50.045Z,2021-03-01T19:46:32.573Z
163,39,NKC-O-020,AG-NKC-O-020-03,Vadel,Ould Bouha,Vadel Ould Bouha,M,1996-02-03,9602383012,MAURE,+22234116225,vadel.ouldbouha@nafadpay.mr,CASHIER,INACTIVE,2020-09-16,CDD,C,2020-09-16T16:13:16.648Z,2021-09-06T12:56:18.131Z
164,39,NKC-O-020,AG-NKC-O-020-04,Hawa,Diop,Hawa Diop,F,1989-03-13,8902204465,SONINKE,+22234546437,hawa.diop@nafadpay.mr,CASHIER,ACTIVE,2020-08-02,CDI,E,2020-08-02T07:03:43.322Z,2023-03-25T13:20:05.258Z
165,40,NKC-O-021,AG-NKC-O-021-01,Wedadi,Ould Hamoud,Wedadi Ould Hamoud,M,1979-02-05,7902245166,MAURE,+22222837529,wedadi.ouldhamoud@nafadpay.mr,MANAGER,ACTIVE,2023-10-17,CDD,A,2023-10-17T14:44:54.590Z,2024-03-28T03:55:23.585Z
166,40,NKC-O-021,AG-NKC-O-021-02,Ghalia,Kanouté,Ghalia Kanouté,F,1971-08-13,7102468996,SONINKE,+22241466333,ghalia.kanouté@nafadpay.mr,CASHIER,ACTIVE,2023-01-18,CDD,C,2023-01-18T08:26:34.572Z,2024-08-03T20:43:12.942Z
167,41,NKC-O-022,AG-NKC-O-022-01,Yacouba,Fall,Yacouba Fall,M,1988-05-28,8802323499,WOLOF,+22235192452,yacouba.fall@nafadpay.mr,MANAGER,ACTIVE,2021-05-13,CDI,A,2021-05-13T04:37:07.902Z,2023-05-03T21:10:32.362Z
168,41,NKC-O-022,AG-NKC-O-022-02,Sira,Diop,Sira Diop,F,1988-06-02,8802620972,PEUL,+22244188871,sira.diop@nafadpay.mr,CASHIER,ACTIVE,2022-04-17,CDD,C,2022-04-17T02:38:20.401Z,2023-04-02T04:26:05.536Z
169,41,NKC-O-022,AG-NKC-O-022-03,Cheibany,Koita,Cheibany Koita,M,1973-09-09,7302723598,SONINKE,+22234975770,cheibany.koita@nafadpay.mr,CASHIER,ACTIVE,2021-03-19,CDD,C,2021-03-19T05:32:58.435Z,2021-10-26T06:22:05.191Z
170,42,NKC-O-023,AG-NKC-O-023-01,Moctar,Ould Khatri,Moctar Ould Khatri,M,1971-03-28,7102395007,MAURE,+22246461043,moctar.ouldkhatri@nafadpay.mr,MANAGER,ACTIVE,2023-12-21,CDI,A,2023-12-21T01:03:50.963Z,2024-05-21T02:52:35.271Z
171,42,NKC-O-023,AG-NKC-O-023-02,Sakouba,Diop,Sakouba Diop,M,1994-02-13,9402226779,PEUL,+22245487999,sakouba.diop@nafadpay.mr,CASHIER,ACTIVE,2020-06-01,CDD,C,2020-06-01T14:09:45.587Z,2023-02-09T16:29:56.630Z
172,42,NKC-O-023,AG-NKC-O-023-03,Hawa,Mint Maloum,Hawa Mint Maloum,F,1982-04-21,8202003117,MAURE,+22233509537,hawa.mintmaloum@nafadpay.mr,CASHIER,ACTIVE,2020-08-10,CDI,E,2020-08-10T06:07:39.920Z,2021-03-28T00:16:43.338Z
173,42,NKC-O-023,AG-NKC-O-023-04,Abdel Rahman,Touré,Abdel Rahman Touré,M,1994-09-16,9402235342,WOLOF,+22225395333,abdel rahman.touré@nafadpay.mr,CASHIER,INACTIVE,2020-11-28,CDD,D,2020-11-28T20:01:51.768Z,2024-02-19T22:33:07.151Z
174,43,NKC-S-001,AG-NKC-S-001-01,Bintou,Tall,Bintou Tall,F,1993-09-27,9303394225,PEUL,+22236273672,bintou.tall@nafadpay.mr,MANAGER,ACTIVE,2022-01-16,STAGE,A,2022-01-16T19:55:00.209Z,2022-01-22T17:10:16.486Z
175,43,NKC-S-001,AG-NKC-S-001-02,Saadbouh,Ould Abeih,Saadbouh Ould Abeih,M,1971-06-07,7103181450,MAURE,+22249134470,saadbouh.ouldabeih@nafadpay.mr,CASHIER,ACTIVE,2023-03-14,STAGE,D,2023-03-14T02:30:46.827Z,2024-03-10T19:35:48.361Z
176,43,NKC-S-001,AG-NKC-S-001-03,Lehbib,Ould Jiddou,Lehbib Ould Jiddou,M,1998-02-23,9803739267,MAURE,+22237750127,lehbib.ouldjiddou@nafadpay.mr,CASHIER,ACTIVE,2023-04-12,CDI,D,2023-04-12T01:43:34.248Z,2023-08-23T06:24:38.017Z
177,43,NKC-S-001,AG-NKC-S-001-04,Oumou,Ndiaye,Oumou Ndiaye,F,1999-12-09,9903403637,SONINKE,+22234024070,oumou.ndiaye@nafadpay.mr,CASHIER,ACTIVE,2020-04-13,STAGE,C,2020-04-13T23:39:04.056Z,2020-05-12T16:18:12.802Z
178,44,NKC-S-002,AG-NKC-S-002-01,Banna,Wane,Banna Wane,F,1979-08-16,7903670787,WOLOF,+22232992665,banna.wane@nafadpay.mr,MANAGER,ACTIVE,2020-01-08,CDI,A,2020-01-08T02:10:27.511Z,2021-05-22T06:26:26.280Z
179,44,NKC-S-002,AG-NKC-S-002-02,Adama,Thiam,Adama Thiam,M,1990-02-14,9003042468,WOLOF,+22237541384,adama.thiam@nafadpay.mr,CASHIER,ACTIVE,2021-03-26,CDD,C,2021-03-26T17:00:12.144Z,2022-08-15T13:46:52.518Z
180,45,NKC-S-003,AG-NKC-S-003-01,Cheikhna,Sow,Cheikhna Sow,M,1983-05-06,8303037284,PEUL,+22242230083,cheikhna.sow@nafadpay.mr,MANAGER,ACTIVE,2022-09-12,CDD,A,2022-09-12T11:31:35.725Z,2024-09-26T04:00:24.965Z
181,45,NKC-S-003,AG-NKC-S-003-02,Ghali,Ould Khatri,Ghali Ould Khatri,M,1985-02-10,8503479747,MAURE,+22224286919,ghali.ouldkhatri@nafadpay.mr,CASHIER,ACTIVE,2022-08-26,CDD,E,2022-08-26T02:00:35.071Z,2024-05-06T08:51:29.421Z
182,45,NKC-S-003,AG-NKC-S-003-03,N'Dèye,Guèye,N'Dèye Guèye,F,1989-06-27,8903088152,WOLOF,+22224748001,n'dèye.guèye@nafadpay.mr,CASHIER,ACTIVE,2023-04-05,CDD,C,2023-04-05T21:56:37.995Z,2023-05-20T22:20:50.972Z
183,45,NKC-S-003,AG-NKC-S-003-04,Bassirou,Kanouté,Bassirou Kanouté,M,1972-09-03,7203729729,SONINKE,+22236657063,bassirou.kanouté@nafadpay.mr,CASHIER,ACTIVE,2021-07-18,CDD,C,2021-07-18T12:07:52.767Z,2023-11-23T04:58:41.770Z
184,45,NKC-S-003,AG-NKC-S-003-05,Souleymane,Bah,Souleymane Bah,M,1991-03-02,9103644579,PEUL,+22222023278,souleymane.bah@nafadpay.mr,CASHIER,ACTIVE,2022-06-24,CDI,E,2022-06-24T01:15:54.925Z,2022-10-17T02:48:00.773Z
185,46,NKC-S-004,AG-NKC-S-004-01,Ahmed,Sakho,Ahmed Sakho,M,1999-12-01,9903341043,WOLOF,+22222295151,ahmed.sakho@nafadpay.mr,MANAGER,ACTIVE,2020-08-27,CDI,B,2020-08-27T21:09:28.670Z,2022-01-30T02:47:23.303Z
186,46,NKC-S-004,AG-NKC-S-004-02,Amadou,Koné,Amadou Koné,M,1986-02-01,8603507492,WOLOF,+22223140558,amadou.koné@nafadpay.mr,CASHIER,INACTIVE,2021-12-08,CDI,D,2021-12-08T09:34:33.830Z,2024-04-22T14:41:08.791Z
187,47,NKC-S-005,AG-NKC-S-005-01,Abdel Kader,Cissé,Abdel Kader Cissé,M,1974-06-12,7403830577,SONINKE,+22249828787,abdel kader.cissé@nafadpay.mr,MANAGER,ACTIVE,2020-01-01,CDI,B,2020-01-01T23:21:27.309Z,2021-09-12T04:11:10.166Z
188,47,NKC-S-005,AG-NKC-S-005-02,Rokaya,Mint Khatri,Rokaya Mint Khatri,F,1993-06-03,9303471007,MAURE,+22247093003,rokaya.mintkhatri@nafadpay.mr,CASHIER,INACTIVE,2020-08-08,CDI,C,2020-08-08T14:11:06.558Z,2024-09-29T19:43:27.291Z
189,47,NKC-S-005,AG-NKC-S-005-03,Hacen,Koné,Hacen Koné,M,1972-12-12,7203390082,PEUL,+22241499591,hacen.koné@nafadpay.mr,CASHIER,ACTIVE,2020-03-06,CDI,C,2020-03-06T05:07:31.636Z,2022-07-05T22:13:05.464Z
190,48,NKC-S-006,AG-NKC-S-006-01,Hafsata,Yatabaré,Hafsata Yatabaré,F,1999-04-15,9903743308,PEUL,+22222251567,hafsata.yatabaré@nafadpay.mr,MANAGER,ACTIVE,2023-08-13,STAGE,A,2023-08-13T05:10:39.579Z,2023-10-14T03:56:43.388Z
191,48,NKC-S-006,AG-NKC-S-006-02,Mokhtar,Sarr,Mokhtar Sarr,M,1985-07-15,8503053329,PEUL,+22224793879,mokhtar.sarr@nafadpay.mr,CASHIER,ACTIVE,2023-05-17,STAGE,C,2023-05-17T22:46:03.193Z,2024-11-01T10:24:49.602Z
192,48,NKC-S-006,AG-NKC-S-006-03,Leila,Mint El Ghassem,Leila Mint El Ghassem,F,1985-01-28,8503802376,MAURE,+22224131495,leila.mintelghassem@nafadpay.mr,CASHIER,INACTIVE,2020-03-30,STAGE,C,2020-03-30T07:40:26.422Z,2023-11-15T14:02:33.031Z
193,48,NKC-S-006,AG-NKC-S-006-04,Lehbib,Ould Isselmou,Lehbib Ould Isselmou,M,1975-04-13,7503447279,MAURE,+22223987934,lehbib.ouldisselmou@nafadpay.mr,CASHIER,ACTIVE,2021-05-28,CDD,D,2021-05-28T20:42:48.260Z,2023-09-08T02:32:10.894Z
194,49,NKC-S-007,AG-NKC-S-007-01,Yacine,Sarr,Yacine Sarr,F,1990-06-02,9003888196,PEUL,+22223349219,yacine.sarr@nafadpay.mr,MANAGER,ACTIVE,2021-05-29,CDD,B,2021-05-29T08:57:23.372Z,2024-08-12T12:32:29.777Z
195,49,NKC-S-007,AG-NKC-S-007-02,Habiba,Mint Lemrabott,Habiba Mint Lemrabott,F,1976-11-18,7603059381,MAURE,+22237566496,habiba.mintlemrabott@nafadpay.mr,CASHIER,ACTIVE,2022-07-13,CDD,D,2022-07-13T18:40:05.620Z,2023-05-29T06:31:12.813Z
196,49,NKC-S-007,AG-NKC-S-007-03,Djibril,Fofana,Djibril Fofana,M,1973-01-03,7303465491,PEUL,+22237962020,djibril.fofana@nafadpay.mr,CASHIER,ACTIVE,2020-10-15,CDD,C,2020-10-15T12:33:16.110Z,2024-05-31T10:16:42.263Z
197,49,NKC-S-007,AG-NKC-S-007-04,Mountaga,Bâ,Mountaga Bâ,M,1998-11-15,9803786674,PEUL,+22225797858,mountaga.bâ@nafadpay.mr,CASHIER,ACTIVE,2023-02-04,STAGE,D,2023-02-04T23:50:35.056Z,2024-02-06T19:20:13.206Z
198,49,NKC-S-007,AG-NKC-S-007-05,Diahara,Bah,Diahara Bah,F,1999-06-06,9903173686,PEUL,+22248188085,diahara.bah@nafadpay.mr,CASHIER,ACTIVE,2021-10-10,STAGE,E,2021-10-10T06:23:37.398Z,2022-09-23T15:57:35.459Z
199,49,NKC-S-007,AG-NKC-S-007-06,Khadijetou,Mint El Ghassem,Khadijetou Mint El Ghassem,F,1992-11-08,9203956127,MAURE,+22236027302,khadijetou.mintelghassem@nafadpay.mr,CASHIER,ACTIVE,2022-12-12,CDI,C,2022-12-12T02:16:34.816Z,2023-06-22T04:13:27.943Z
200,50,NKC-S-008,AG-NKC-S-008-01,Kéba,Ndiaye,Kéba Ndiaye,M,1988-03-10,8803510713,WOLOF,+22248010599,kéba.ndiaye@nafadpay.mr,MANAGER,ACTIVE,2021-03-07,CDI,A,2021-03-07T07:10:39.414Z,2023-01-06T18:57:52.072Z
201,50,NKC-S-008,AG-NKC-S-008-02,Halima,Mint Hamoud,Halima Mint Hamoud,F,1981-10-18,8103847629,MAURE,+22223762223,halima.minthamoud@nafadpay.mr,CASHIER,ACTIVE,2021-09-23,CDD,C,2021-09-23T22:20:16.877Z,2024-09-21T04:31:22.895Z
202,50,NKC-S-008,AG-NKC-S-008-03,Defa,Mint Cheikh,Defa Mint Cheikh,F,1971-11-20,7103077960,MAURE,+22236177028,defa.mintcheikh@nafadpay.mr,CASHIER,ACTIVE,2023-10-31,STAGE,C,2023-10-31T14:58:51.257Z,2024-07-16T00:17:32.647Z
203,50,NKC-S-008,AG-NKC-S-008-04,Aminetou,Mint Moulaye,Aminetou Mint Moulaye,F,1980-05-24,8003451607,MAURE,+22225133721,aminetou.mintmoulaye@nafadpay.mr,CASHIER,ACTIVE,2020-01-01,CDI,E,2020-01-01T01:35:52.035Z,2022-07-12T13:52:19.824Z
204,51,NKC-S-009,AG-NKC-S-009-01,Saidou,Dia,Saidou Dia,M,1970-10-26,7003356330,PEUL,+22242740756,saidou.dia@nafadpay.mr,MANAGER,ACTIVE,2022-11-18,STAGE,A,2022-11-18T15:42:43.427Z,2024-04-16T01:53:05.897Z
205,51,NKC-S-009,AG-NKC-S-009-02,Siaka,Dramé,Siaka Dramé,M,1973-11-18,7303059906,PEUL,+22224460044,siaka.dramé@nafadpay.mr,CASHIER,ACTIVE,2020-06-29,CDI,D,2020-06-29T14:01:39.557Z,2022-01-28T16:06:08.991Z
206,51,NKC-S-009,AG-NKC-S-009-03,Hamadi,Tall,Hamadi Tall,M,1988-09-18,8803718308,PEUL,+22224733029,hamadi.tall@nafadpay.mr,CASHIER,ACTIVE,2021-06-04,STAGE,C,2021-06-04T13:37:44.814Z,2022-10-03T03:25:42.168Z
207,52,NKC-S-010,AG-NKC-S-010-01,Aicha,Mint Messoud,Aicha Mint Messoud,F,1971-05-19,7103285422,MAURE,+22237159785,aicha.mintmessoud@nafadpay.mr,MANAGER,ACTIVE,2022-05-04,STAGE,A,2022-05-04T03:00:43.913Z,2022-12-19T21:18:53.219Z
208,52,NKC-S-010,AG-NKC-S-010-02,Mohamed Vall,Koita,Mohamed Vall Koita,M,1986-06-06,8603601699,SONINKE,+22224493258,mohamed vall.koita@nafadpay.mr,CASHIER,ACTIVE,2023-09-10,CDD,E,2023-09-10T20:26:22.253Z,2024-11-21T05:22:11.101Z
209,52,NKC-S-010,AG-NKC-S-010-03,Fallou,Diop,Fallou Diop,M,1979-09-15,7903764400,WOLOF,+22236930573,fallou.diop@nafadpay.mr,CASHIER,ACTIVE,2023-05-27,CDI,D,2023-05-27T18:21:14.295Z,2023-07-02T16:35:54.718Z
210,52,NKC-S-010,AG-NKC-S-010-04,Nagi,Ould Hadrami,Nagi Ould Hadrami,M,1977-07-13,7703215803,MAURE,+22224695528,nagi.ouldhadrami@nafadpay.mr,CASHIER,ACTIVE,2021-01-15,CDI,D,2021-01-15T11:19:40.908Z,2024-06-28T09:11:50.474Z
211,53,NKC-S-011,AG-NKC-S-011-01,Naha,Mint Horma,Naha Mint Horma,F,1985-12-07,8503206497,MAURE,+22233036749,naha.minthorma@nafadpay.mr,MANAGER,INACTIVE,2021-11-11,CDD,B,2021-11-11T08:47:15.203Z,2021-12-04T11:43:24.047Z
212,53,NKC-S-011,AG-NKC-S-011-02,Halima,Bâ,Halima Bâ,F,1985-07-14,8503174840,PEUL,+22243382580,halima.bâ@nafadpay.mr,CASHIER,ACTIVE,2023-10-18,STAGE,C,2023-10-18T07:04:01.343Z,2024-07-27T07:37:17.153Z
213,53,NKC-S-011,AG-NKC-S-011-03,Alioune,Bathily,Alioune Bathily,M,1999-12-08,9903624564,SONINKE,+22249427315,alioune.bathily@nafadpay.mr,CASHIER,ACTIVE,2021-12-22,STAGE,E,2021-12-22T18:15:29.698Z,2023-08-30T04:37:02.168Z
214,53,NKC-S-011,AG-NKC-S-011-04,Rokhaya,Ba,Rokhaya Ba,F,1989-03-17,8903300867,SONINKE,+22235788695,rokhaya.ba@nafadpay.mr,CASHIER,ACTIVE,2023-08-21,CDD,E,2023-08-21T03:15:32.411Z,2024-12-26T06:00:19.839Z
215,54,NKC-S-012,AG-NKC-S-012-01,Mariem,Mint Brahim,Mariem Mint Brahim,F,1986-05-06,8603223217,MAURE,+22222702293,mariem.mintbrahim@nafadpay.mr,MANAGER,ACTIVE,2020-07-25,STAGE,A,2020-07-25T20:43:57.482Z,2021-12-27T06:09:37.753Z
216,54,NKC-S-012,AG-NKC-S-012-02,Mohamed Mahmoud,Ba,Mohamed Mahmoud Ba,M,1988-08-15,8803096992,PEUL,+22236457383,mohamed mahmoud.ba@nafadpay.mr,CASHIER,ACTIVE,2022-10-30,STAGE,E,2022-10-30T10:45:33.182Z,2023-08-02T19:50:51.748Z
217,54,NKC-S-012,AG-NKC-S-012-03,Yacoub,Ould Taleb,Yacoub Ould Taleb,M,1986-01-14,8603005327,MAURE,+22242468398,yacoub.ouldtaleb@nafadpay.mr,CASHIER,ACTIVE,2020-10-02,CDI,E,2020-10-02T15:20:17.371Z,2024-09-23T08:36:06.985Z
218,54,NKC-S-012,AG-NKC-S-012-04,Tourad,Ould Hadrami,Tourad Ould Hadrami,M,2000-05-04,0003070291,MAURE,+22235915799,tourad.ouldhadrami@nafadpay.mr,CASHIER,ACTIVE,2021-06-30,CDI,D,2021-06-30T22:29:42.471Z,2023-09-22T02:08:07.747Z
219,54,NKC-S-012,AG-NKC-S-012-05,Habiboullah,Ould Khalil,Habiboullah Ould Khalil,M,1988-09-08,8803853915,MAURE,+22235134388,habiboullah.ouldkhalil@nafadpay.mr,CASHIER,ACTIVE,2020-01-03,CDI,C,2020-01-03T01:59:35.884Z,2023-07-25T17:49:53.961Z
220,54,NKC-S-012,AG-NKC-S-012-06,Fatou,Sakho,Fatou Sakho,F,1995-08-06,9503688526,PEUL,+22233122414,fatou.sakho@nafadpay.mr,CASHIER,ACTIVE,2023-12-23,CDD,E,2023-12-23T11:36:34.720Z,2024-06-25T13:16:51.527Z
221,55,NKC-S-013,AG-NKC-S-013-01,Sidi Ahmed,Ould Moulaye,Sidi Ahmed Ould Moulaye,M,1995-08-16,9503596344,MAURE,+22237671124,sidi ahmed.ouldmoulaye@nafadpay.mr,MANAGER,ACTIVE,2021-07-28,CDI,A,2021-07-28T02:24:18.070Z,2023-12-04T10:32:41.300Z
222,55,NKC-S-013,AG-NKC-S-013-02,Fatoumata,Niang,Fatoumata Niang,F,1994-06-13,9403242712,PEUL,+22232972783,fatoumata.niang@nafadpay.mr,CASHIER,ACTIVE,2020-09-10,CDI,D,2020-09-10T03:38:20.938Z,2024-06-28T11:48:22.093Z
223,55,NKC-S-013,AG-NKC-S-013-03,Hafsata,Mint El Mamy,Hafsata Mint El Mamy,F,1980-10-24,8003663073,MAURE,+22224597131,hafsata.mintelmamy@nafadpay.mr,CASHIER,ACTIVE,2021-11-06,CDI,C,2021-11-06T08:58:08.975Z,2021-11-27T21:29:31.702Z
224,55,NKC-S-013,AG-NKC-S-013-04,Hacen,Ould Wedadi,Hacen Ould Wedadi,M,1974-03-21,7403646134,MAURE,+22244481310,hacen.ouldwedadi@nafadpay.mr,CASHIER,ACTIVE,2020-10-27,CDD,D,2020-10-27T14:37:05.663Z,2024-04-23T21:36:54.645Z
225,55,NKC-S-013,AG-NKC-S-013-05,Saadbouh,Yatabaré,Saadbouh Yatabaré,M,1992-06-20,9203058737,PEUL,+22242533718,saadbouh.yatabaré@nafadpay.mr,CASHIER,ACTIVE,2020-07-25,CDI,E,2020-07-25T14:24:00.010Z,2024-10-31T23:54:18.936Z
226,56,NKC-S-014,AG-NKC-S-014-01,Maloum,Ould Abdallah,Maloum Ould Abdallah,M,1998-01-23,9803922755,MAURE,+22234396351,maloum.ouldabdallah@nafadpay.mr,MANAGER,ACTIVE,2022-09-26,STAGE,B,2022-09-26T09:08:36.208Z,2024-09-10T08:21:58.730Z
227,56,NKC-S-014,AG-NKC-S-014-02,Ethmane,Ould Mahmoud,Ethmane Ould Mahmoud,M,1998-12-18,9803539298,MAURE,+22225455759,ethmane.ouldmahmoud@nafadpay.mr,CASHIER,ACTIVE,2022-04-18,STAGE,E,2022-04-18T03:52:05.379Z,2022-11-06T00:20:52.106Z
228,56,NKC-S-014,AG-NKC-S-014-03,Mahfoudh,Ould Taleb,Mahfoudh Ould Taleb,M,2000-06-02,0003472882,MAURE,+22236594045,mahfoudh.ouldtaleb@nafadpay.mr,CASHIER,INACTIVE,2022-03-17,STAGE,D,2022-03-17T15:02:14.041Z,2023-06-11T07:13:54.370Z
229,56,NKC-S-014,AG-NKC-S-014-04,Kiné,Diakité,Kiné Diakité,F,1999-10-05,9903495278,SONINKE,+22224820908,kiné.diakité@nafadpay.mr,CASHIER,ACTIVE,2020-10-28,CDI,D,2020-10-28T21:04:39.246Z,2020-11-19T06:53:53.900Z
230,57,NKC-S-015,AG-NKC-S-015-01,Boubacar,Doucouré,Boubacar Doucouré,M,1980-04-03,8003450381,WOLOF,+22237875240,boubacar.doucouré@nafadpay.mr,MANAGER,ACTIVE,2022-10-19,CDI,B,2022-10-19T17:49:47.828Z,2024-01-13T04:10:19.095Z
231,57,NKC-S-015,AG-NKC-S-015-02,Adja,Camara,Adja Camara,F,1982-09-23,8203167096,PEUL,+22236447424,adja.camara@nafadpay.mr,CASHIER,ACTIVE,2021-02-11,STAGE,C,2021-02-11T10:47:40.657Z,2024-12-20T02:29:43.208Z
232,57,NKC-S-015,AG-NKC-S-015-03,Ndongo,Diallo,Ndongo Diallo,M,1996-09-26,9603626686,PEUL,+22235755588,ndongo.diallo@nafadpay.mr,CASHIER,ACTIVE,2020-01-01,CDD,E,2020-01-01T07:44:43.640Z,2020-01-28T02:00:10.751Z
233,57,NKC-S-015,AG-NKC-S-015-04,Lassana,Kane,Lassana Kane,M,1970-04-15,7003301587,SONINKE,+22244275019,lassana.kane@nafadpay.mr,CASHIER,INACTIVE,2022-10-11,CDI,E,2022-10-11T13:34:21.817Z,2024-10-29T05:13:52.691Z
234,58,NDB-001,AG-NDB-001-01,Mariama,Mbaye,Mariama Mbaye,F,1999-12-24,9904888422,PEUL,+22241396493,mariama.mbaye@nafadpay.mr,MANAGER,ACTIVE,2023-09-27,STAGE,A,2023-09-27T13:25:06.143Z,2024-02-18T17:32:32.373Z
235,58,NDB-001,AG-NDB-001-02,El Hacen,Ould Mokhtar,El Hacen Ould Mokhtar,M,1970-07-01,7004056541,MAURE,+22225032703,el hacen.ouldmokhtar@nafadpay.mr,CASHIER,ACTIVE,2022-02-23,STAGE,D,2022-02-23T09:35:32.933Z,2022-04-01T17:48:37.559Z
236,59,NDB-002,AG-NDB-002-01,Bilal,Ould Sidi,Bilal Ould Sidi,M,1998-01-05,9804130005,MAURE,+22235806589,bilal.ouldsidi@nafadpay.mr,MANAGER,ACTIVE,2023-05-07,STAGE,B,2023-05-07T19:38:40.842Z,2024-05-02T00:07:32.144Z
237,59,NDB-002,AG-NDB-002-02,Aziza,Mint Nagi,Aziza Mint Nagi,F,1998-04-24,9804592333,MAURE,+22222178772,aziza.mintnagi@nafadpay.mr,CASHIER,ACTIVE,2022-02-11,CDI,D,2022-02-11T13:57:34.476Z,2022-06-20T03:42:46.482Z
238,59,NDB-002,AG-NDB-002-03,Bilal,Thiam,Bilal Thiam,M,1977-06-17,7704605919,WOLOF,+22224484672,bilal.thiam@nafadpay.mr,CASHIER,ACTIVE,2022-09-09,STAGE,C,2022-09-09T01:25:03.552Z,2023-04-22T23:28:01.439Z
239,59,NDB-002,AG-NDB-002-04,El Khalil,Ould Mahmoud,El Khalil Ould Mahmoud,M,1972-07-01,7204499689,MAURE,+22223932247,el khalil.ouldmahmoud@nafadpay.mr,CASHIER,ACTIVE,2020-04-13,STAGE,E,2020-04-13T22:54:37.297Z,2023-06-22T06:34:04.042Z
240,59,NDB-002,AG-NDB-002-05,Limam,Ould Horma,Limam Ould Horma,M,1980-11-27,8004046990,MAURE,+22248559419,limam.ouldhorma@nafadpay.mr,CASHIER,ACTIVE,2020-01-31,STAGE,C,2020-01-31T12:14:39.964Z,2022-04-17T04:19:46.585Z
241,59,NDB-002,AG-NDB-002-06,Cheikh,Ould El Ghassem,Cheikh Ould El Ghassem,M,1978-12-21,7804174810,MAURE,+22224523833,cheikh.ouldelghassem@nafadpay.mr,CASHIER,INACTIVE,2023-04-17,CDI,C,2023-04-17T00:29:28.421Z,2024-07-14T04:48:01.102Z
242,60,NDB-003,AG-NDB-003-01,Naima,Mint Abdel Kader,Naima Mint Abdel Kader,F,1972-10-14,7204599466,MAURE,+22225653814,naima.mintabdelkader@nafadpay.mr,MANAGER,ACTIVE,2022-07-04,CDI,B,2022-07-04T02:53:23.097Z,2024-10-20T09:02:35.922Z
243,60,NDB-003,AG-NDB-003-02,Salka,Mint Vadel,Salka Mint Vadel,F,1973-09-16,7304526827,MAURE,+22246639247,salka.mintvadel@nafadpay.mr,CASHIER,ACTIVE,2023-05-05,CDD,E,2023-05-05T01:58:24.286Z,2023-10-10T02:59:23.744Z
244,60,NDB-003,AG-NDB-003-03,Kelthoum,Wane,Kelthoum Wane,F,1980-02-18,8004266871,PEUL,+22224404775,kelthoum.wane@nafadpay.mr,CASHIER,ACTIVE,2020-02-11,CDI,E,2020-02-11T20:46:08.796Z,2020-07-29T03:33:28.997Z
245,60,NDB-003,AG-NDB-003-04,Gaoussou,Sall,Gaoussou Sall,M,1987-10-18,8704017951,WOLOF,+22235693952,gaoussou.sall@nafadpay.mr,CASHIER,ACTIVE,2022-07-19,STAGE,C,2022-07-19T16:37:55.285Z,2023-08-09T23:45:42.689Z
246,60,NDB-003,AG-NDB-003-05,Nouh,Ould Dah,Nouh Ould Dah,M,1970-08-07,7004858260,MAURE,+22247368525,nouh.oulddah@nafadpay.mr,CASHIER,ACTIVE,2021-11-06,CDD,C,2021-11-06T10:10:37.800Z,2023-03-18T17:58:25.470Z
247,60,NDB-003,AG-NDB-003-06,Cheikh Sidiya,Ould Khalil,Cheikh Sidiya Ould Khalil,M,1992-05-06,9204149100,MAURE,+22246899369,cheikh sidiya.ouldkhalil@nafadpay.mr,CASHIER,ACTIVE,2020-06-09,CDD,E,2020-06-09T08:58:38.535Z,2023-06-06T18:58:32.677Z
248,61,NDB-004,AG-NDB-004-01,Abdellahi,Ndour,Abdellahi Ndour,M,1997-01-28,9704472744,SONINKE,+22223333424,abdellahi.ndour@nafadpay.mr,MANAGER,ACTIVE,2022-10-01,STAGE,A,2022-10-01T23:20:11.945Z,2024-05-11T06:05:36.188Z
249,61,NDB-004,AG-NDB-004-02,Zahra,Mint Brahim,Zahra Mint Brahim,F,1998-10-13,9804833713,MAURE,+22222829317,zahra.mintbrahim@nafadpay.mr,CASHIER,ACTIVE,2022-09-22,CDI,E,2022-09-22T15:15:12.488Z,2024-01-28T00:27:25.982Z
250,62,NDB-005,AG-NDB-005-01,Hamoud,Ould Mohamed,Hamoud Ould Mohamed,M,1995-07-23,9504284530,MAURE,+22222469951,hamoud.ouldmohamed@nafadpay.mr,MANAGER,ACTIVE,2021-12-22,STAGE,A,2021-12-22T00:22:12.483Z,2023-02-25T04:15:39.597Z
251,62,NDB-005,AG-NDB-005-02,Mokhtar,Thiaw,Mokhtar Thiaw,M,1973-04-21,7304371027,WOLOF,+22223098535,mokhtar.thiaw@nafadpay.mr,CASHIER,ACTIVE,2021-08-07,CDI,C,2021-08-07T16:18:47.601Z,2023-03-16T18:18:16.127Z
252,62,NDB-005,AG-NDB-005-03,Mahmoud,Ould Vall,Mahmoud Ould Vall,M,1976-10-06,7604371211,MAURE,+22232369490,mahmoud.ouldvall@nafadpay.mr,CASHIER,ACTIVE,2021-04-19,CDI,C,2021-04-19T14:08:31.267Z,2024-08-19T23:26:01.065Z
253,62,NDB-005,AG-NDB-005-04,Mahjouba,Mint Dah,Mahjouba Mint Dah,F,1983-05-01,8304355895,MAURE,+22224684746,mahjouba.mintdah@nafadpay.mr,CASHIER,ACTIVE,2023-05-09,CDI,E,2023-05-09T17:19:23.597Z,2024-12-10T04:10:31.248Z
254,63,NDB-006,AG-NDB-006-01,Bintou,Thiam,Bintou Thiam,F,1979-11-27,7904988319,SONINKE,+22225618381,bintou.thiam@nafadpay.mr,MANAGER,ACTIVE,2022-12-25,STAGE,A,2022-12-25T00:13:08.587Z,2024-04-24T10:09:06.422Z
255,63,NDB-006,AG-NDB-006-02,Cheikh,Wane,Cheikh Wane,M,1995-12-23,9504925802,WOLOF,+22225824789,cheikh.wane@nafadpay.mr,CASHIER,ACTIVE,2022-12-12,STAGE,D,2022-12-12T10:28:35.379Z,2023-02-20T05:20:12.199Z
256,64,NDB-007,AG-NDB-007-01,Mohamed Yahya,Mbow,Mohamed Yahya Mbow,M,1992-06-04,9204867501,SONINKE,+22236805955,mohamed yahya.mbow@nafadpay.mr,MANAGER,ACTIVE,2021-02-10,STAGE,A,2021-02-10T22:45:07.840Z,2023-11-28T13:54:09.787Z
257,64,NDB-007,AG-NDB-007-02,Boubacar,Diallo,Boubacar Diallo,M,1990-10-26,9004025617,SONINKE,+22235984147,boubacar.diallo@nafadpay.mr,CASHIER,ACTIVE,2020-05-19,CDI,D,2020-05-19T21:58:29.395Z,2020-05-27T03:47:43.301Z
258,64,NDB-007,AG-NDB-007-03,Mariem,Mint El Mokhtar,Mariem Mint El Mokhtar,F,1989-10-01,8904123894,MAURE,+22224837704,mariem.mintelmokhtar@nafadpay.mr,CASHIER,ACTIVE,2023-09-09,CDD,C,2023-09-09T06:50:11.918Z,2023-10-15T18:05:25.729Z
259,65,NDB-008,AG-NDB-008-01,Ahmed,Ould Wedadi,Ahmed Ould Wedadi,M,1997-05-13,9704434045,MAURE,+22234349937,ahmed.ouldwedadi@nafadpay.mr,MANAGER,ACTIVE,2022-10-10,STAGE,A,2022-10-10T21:17:15.447Z,2023-09-28T13:01:12.785Z
260,65,NDB-008,AG-NDB-008-02,Salem,Ould Isselmou,Salem Ould Isselmou,M,1981-02-21,8104856877,MAURE,+22223095897,salem.ouldisselmou@nafadpay.mr,CASHIER,ACTIVE,2021-02-25,CDI,C,2021-02-25T06:41:17.669Z,2022-08-26T23:51:28.754Z
261,65,NDB-008,AG-NDB-008-03,Isselmou,Anne,Isselmou Anne,M,1979-03-05,7904951140,PEUL,+22236852123,isselmou.anne@nafadpay.mr,CASHIER,INACTIVE,2022-09-16,CDI,E,2022-09-16T10:51:54.299Z,2023-03-06T06:09:01.849Z
262,65,NDB-008,AG-NDB-008-04,Khalil,Ould Moulaye,Khalil Ould Moulaye,M,1996-02-14,9604376083,MAURE,+22222834190,khalil.ouldmoulaye@nafadpay.mr,CASHIER,ACTIVE,2020-12-12,CDD,C,2020-12-12T10:02:47.761Z,2023-07-24T03:30:04.744Z
263,66,NDB-009,AG-NDB-009-01,Sidi,Kane,Sidi Kane,M,2000-10-04,0004774158,SONINKE,+22224248807,sidi.kane@nafadpay.mr,MANAGER,ACTIVE,2023-04-13,CDD,B,2023-04-13T01:00:00.600Z,2024-01-19T19:03:05.891Z
264,66,NDB-009,AG-NDB-009-02,Saadbouh,Ould Hamadi,Saadbouh Ould Hamadi,M,1973-12-23,7304218410,MAURE,+22232201116,saadbouh.ouldhamadi@nafadpay.mr,CASHIER,ACTIVE,2023-10-26,CDI,E,2023-10-26T13:50:48.722Z,2024-04-17T09:44:32.385Z
265,67,NDB-010,AG-NDB-010-01,Saad,Diakité,Saad Diakité,M,1979-05-22,7904203926,PEUL,+22248549866,saad.diakité@nafadpay.mr,MANAGER,ACTIVE,2022-05-22,CDD,B,2022-05-22T23:57:33.789Z,2024-08-11T21:09:56.486Z
266,67,NDB-010,AG-NDB-010-02,Khadija,Mint Brahim,Khadija Mint Brahim,F,1980-08-25,8004310343,MAURE,+22223296561,khadija.mintbrahim@nafadpay.mr,CASHIER,ACTIVE,2023-12-03,CDD,C,2023-12-03T17:40:07.086Z,2024-05-15T11:08:36.855Z
267,68,NDB-011,AG-NDB-011-01,Tidiane,Diop,Tidiane Diop,M,1979-08-20,7904143402,SONINKE,+22224216582,tidiane.diop@nafadpay.mr,MANAGER,ACTIVE,2021-12-27,STAGE,A,2021-12-27T05:29:45.701Z,2022-03-29T00:23:04.415Z
268,68,NDB-011,AG-NDB-011-02,Tiémoko,Diarra,Tiémoko Diarra,M,1973-04-20,7304930130,PEUL,+22225372728,tiémoko.diarra@nafadpay.mr,CASHIER,INACTIVE,2021-11-14,CDI,E,2021-11-14T10:05:14.061Z,2022-06-02T05:10:39.802Z
269,68,NDB-011,AG-NDB-011-03,Vall,Ould Ahmedou,Vall Ould Ahmedou,M,1986-08-19,8604279590,MAURE,+22225372435,vall.ouldahmedou@nafadpay.mr,CASHIER,ACTIVE,2022-08-24,CDD,C,2022-08-24T19:25:30.053Z,2023-11-26T14:25:36.971Z
270,68,NDB-011,AG-NDB-011-04,Hawa,Mint Salem,Hawa Mint Salem,F,1978-02-15,7804271728,MAURE,+22223620896,hawa.mintsalem@nafadpay.mr,CASHIER,ACTIVE,2022-08-22,CDI,E,2022-08-22T09:03:52.162Z,2024-07-25T17:02:56.710Z
271,68,NDB-011,AG-NDB-011-05,Sira,Touré,Sira Touré,F,1972-05-22,7204479597,PEUL,+22225173048,sira.touré@nafadpay.mr,CASHIER,ACTIVE,2023-04-28,STAGE,E,2023-04-28T15:43:17.744Z,2024-04-20T00:57:13.896Z
272,68,NDB-011,AG-NDB-011-06,Sidi Ahmed,Ly,Sidi Ahmed Ly,M,1998-12-08,9804593299,SONINKE,+22247359825,sidi ahmed.ly@nafadpay.mr,CASHIER,ACTIVE,2022-08-22,CDD,C,2022-08-22T04:46:33.082Z,2023-12-23T23:03:26.659Z
273,69,NDB-012,AG-NDB-012-01,Oumou,Sy,Oumou Sy,F,1997-09-03,9704520063,WOLOF,+22223867582,oumou.sy@nafadpay.mr,MANAGER,ACTIVE,2020-12-30,STAGE,A,2020-12-30T13:44:08.883Z,2024-02-25T19:21:02.397Z
274,69,NDB-012,AG-NDB-012-02,Yahya,Ould Wedadi,Yahya Ould Wedadi,M,1980-02-22,8004990291,MAURE,+22222668311,yahya.ouldwedadi@nafadpay.mr,CASHIER,ACTIVE,2021-07-26,CDI,D,2021-07-26T07:45:40.044Z,2023-07-23T22:36:44.677Z
275,69,NDB-012,AG-NDB-012-03,Binta,Fall,Binta Fall,F,1973-05-02,7304141224,WOLOF,+22234999628,binta.fall@nafadpay.mr,CASHIER,ACTIVE,2023-03-20,CDD,E,2023-03-20T04:21:02.074Z,2023-12-06T20:37:29.189Z
276,69,NDB-012,AG-NDB-012-04,Thierno,Camara,Thierno Camara,M,1980-06-28,8004559517,SONINKE,+22236179751,thierno.camara@nafadpay.mr,CASHIER,ACTIVE,2020-10-05,CDD,D,2020-10-05T20:19:32.182Z,2021-07-18T21:32:24.356Z
277,69,NDB-012,AG-NDB-012-05,Ahmedou,Ould Habiboullah,Ahmedou Ould Habiboullah,M,1999-05-12,9904071730,MAURE,+22236132341,ahmedou.ouldhabiboullah@nafadpay.mr,CASHIER,ACTIVE,2021-08-30,CDD,C,2021-08-30T11:26:39.087Z,2024-10-11T01:01:40.300Z
278,69,NDB-012,AG-NDB-012-06,Zeinab,Mint Cheikh,Zeinab Mint Cheikh,F,1996-08-02,9604208807,MAURE,+22245987615,zeinab.mintcheikh@nafadpay.mr,CASHIER,ACTIVE,2021-08-23,CDI,E,2021-08-23T12:40:01.704Z,2023-02-17T18:37:50.234Z
279,70,TRZ-001,AG-TRZ-001-01,Yahya,Ly,Yahya Ly,M,1971-01-20,7105792427,PEUL,+22225013276,yahya.ly@nafadpay.mr,MANAGER,ACTIVE,2020-01-27,CDD,B,2020-01-27T00:19:38.218Z,2021-11-15T21:40:33.054Z
280,70,TRZ-001,AG-TRZ-001-02,Brahim,Ould Nenni,Brahim Ould Nenni,M,1998-08-27,9805911216,MAURE,+22224450182,brahim.ouldnenni@nafadpay.mr,CASHIER,ACTIVE,2022-05-30,STAGE,C,2022-05-30T06:16:48.755Z,2024-06-02T11:30:33.659Z
281,71,TRZ-002,AG-TRZ-002-01,Mahjouba,Mint Maloum,Mahjouba Mint Maloum,F,1974-09-17,7405200121,MAURE,+22247737614,mahjouba.mintmaloum@nafadpay.mr,MANAGER,ACTIVE,2023-01-25,STAGE,B,2023-01-25T10:17:58.449Z,2024-06-29T07:36:22.418Z
282,71,TRZ-002,AG-TRZ-002-02,Habiboullah,Ould Vall,Habiboullah Ould Vall,M,1970-08-26,7005169233,MAURE,+22223851044,habiboullah.ouldvall@nafadpay.mr,CASHIER,ACTIVE,2020-03-17,CDI,D,2020-03-17T06:18:51.515Z,2023-10-30T02:27:52.689Z
283,71,TRZ-002,AG-TRZ-002-03,Soumaïla,Fall,Soumaïla Fall,M,1975-08-08,7505443097,PEUL,+22232747260,soumaïla.fall@nafadpay.mr,CASHIER,ACTIVE,2023-12-31,CDI,E,2023-12-31T08:46:05.743Z,2024-02-29T08:24:42.587Z
284,72,TRZ-003,AG-TRZ-003-01,Mokhtar,Ould Nagi,Mokhtar Ould Nagi,M,1991-03-27,9105807998,MAURE,+22232319456,mokhtar.ouldnagi@nafadpay.mr,MANAGER,ACTIVE,2022-10-23,CDI,A,2022-10-23T02:30:41.164Z,2023-01-03T04:55:20.714Z
285,72,TRZ-003,AG-TRZ-003-02,Mariama,Mbow,Mariama Mbow,F,1988-06-20,8805968431,PEUL,+22223038161,mariama.mbow@nafadpay.mr,CASHIER,ACTIVE,2023-07-20,CDD,D,2023-07-20T15:52:16.338Z,2023-09-26T17:00:27.711Z
286,72,TRZ-003,AG-TRZ-003-03,Mounina,Thiam,Mounina Thiam,F,1984-05-04,8405951451,WOLOF,+22224045533,mounina.thiam@nafadpay.mr,CASHIER,ACTIVE,2022-12-19,CDI,C,2022-12-19T16:19:48.749Z,2023-12-18T09:54:31.542Z
287,73,TRZ-004,AG-TRZ-004-01,Hawa,Diagana,Hawa Diagana,F,1989-10-11,8905311704,PEUL,+22246324957,hawa.diagana@nafadpay.mr,MANAGER,INACTIVE,2022-10-27,CDD,B,2022-10-27T06:15:42.730Z,2023-09-25T07:17:33.396Z
288,73,TRZ-004,AG-TRZ-004-02,Naima,Fall,Naima Fall,F,1995-04-13,9505143502,PEUL,+22225388677,naima.fall@nafadpay.mr,CASHIER,ACTIVE,2023-04-25,STAGE,C,2023-04-25T16:04:34.068Z,2024-12-13T00:23:25.397Z
289,73,TRZ-004,AG-TRZ-004-03,Saadbouh,Ould Abdallah,Saadbouh Ould Abdallah,M,1996-06-24,9605185880,MAURE,+22248670726,saadbouh.ouldabdallah@nafadpay.mr,CASHIER,ACTIVE,2022-05-01,CDI,E,2022-05-01T16:40:17.500Z,2022-12-28T09:35:26.976Z
290,73,TRZ-004,AG-TRZ-004-04,Moustapha,Ould Abeih,Moustapha Ould Abeih,M,1999-02-01,9905868623,MAURE,+22223099404,moustapha.ouldabeih@nafadpay.mr,CASHIER,ACTIVE,2020-11-09,STAGE,C,2020-11-09T04:54:18.851Z,2022-04-12T03:47:36.387Z
291,73,TRZ-004,AG-TRZ-004-05,Yacoub,Ould Abdel Aziz,Yacoub Ould Abdel Aziz,M,1990-05-24,9005687645,MAURE,+22248502283,yacoub.ouldabdelaziz@nafadpay.mr,CASHIER,ACTIVE,2021-02-20,CDI,C,2021-02-20T02:21:46.112Z,2023-12-11T07:34:19.345Z
292,74,TRZ-005,AG-TRZ-005-01,Oumou,Mint Taleb,Oumou Mint Taleb,F,1985-09-16,8505203924,MAURE,+22222542185,oumou.minttaleb@nafadpay.mr,MANAGER,ACTIVE,2021-07-05,STAGE,A,2021-07-05T21:44:42.193Z,2023-06-12T02:16:17.326Z
293,74,TRZ-005,AG-TRZ-005-02,Taleb,Bâ,Taleb Bâ,M,1972-07-20,7205357346,PEUL,+22247879107,taleb.bâ@nafadpay.mr,CASHIER,ACTIVE,2020-04-03,CDD,D,2020-04-03T23:26:41.803Z,2022-03-29T07:49:53.735Z
294,74,TRZ-005,AG-TRZ-005-03,Moustapha,Sall,Moustapha Sall,M,1988-02-07,8805826951,PEUL,+22249012518,moustapha.sall@nafadpay.mr,CASHIER,ACTIVE,2022-09-07,CDD,C,2022-09-07T08:06:14.030Z,2024-05-13T00:53:04.261Z
295,74,TRZ-005,AG-TRZ-005-04,Mohamed Lemine,Ould Jiddou,Mohamed Lemine Ould Jiddou,M,1994-08-04,9405987765,MAURE,+22244719230,mohamed lemine.ouldjiddou@nafadpay.mr,CASHIER,ACTIVE,2023-12-22,CDI,D,2023-12-22T22:42:33.336Z,2024-11-26T16:35:20.829Z
296,75,BRK-001,AG-BRK-001-01,Malick,Koné,Malick Koné,M,1993-03-04,9306769819,PEUL,+22222966215,malick.koné@nafadpay.mr,MANAGER,ACTIVE,2020-09-15,CDD,B,2020-09-15T00:39:40.164Z,2022-01-11T18:34:09.362Z
297,75,BRK-001,AG-BRK-001-02,Meymouna,Mint Vadel,Meymouna Mint Vadel,F,1986-09-21,8606058553,MAURE,+22224786467,meymouna.mintvadel@nafadpay.mr,CASHIER,ACTIVE,2023-07-18,CDI,E,2023-07-18T19:19:27.785Z,2023-09-17T03:12:50.225Z
298,76,BRK-002,AG-BRK-002-01,Mariem,Mint El Hacen,Mariem Mint El Hacen,F,1993-05-04,9306314455,MAURE,+22237849191,mariem.mintelhacen@nafadpay.mr,MANAGER,ACTIVE,2020-04-11,STAGE,A,2020-04-11T16:56:04.587Z,2021-12-11T03:30:53.710Z
299,76,BRK-002,AG-BRK-002-02,Mohamed,Ould Moulaye,Mohamed Ould Moulaye,M,1982-06-08,8206798695,MAURE,+22223217407,mohamed.ouldmoulaye@nafadpay.mr,CASHIER,ACTIVE,2021-09-26,CDD,D,2021-09-26T07:26:59.227Z,2024-10-09T13:17:39.414Z
300,76,BRK-002,AG-BRK-002-03,El Mokhtar,Sy,El Mokhtar Sy,M,1986-04-26,8606088006,SONINKE,+22242575554,el mokhtar.sy@nafadpay.mr,CASHIER,ACTIVE,2021-07-11,CDI,D,2021-07-11T05:03:59.287Z,2021-10-22T19:47:35.639Z
301,76,BRK-002,AG-BRK-002-04,Salka,Anne,Salka Anne,F,1992-06-10,9206848063,WOLOF,+22245270622,salka.anne@nafadpay.mr,CASHIER,ACTIVE,2022-04-25,CDI,E,2022-04-25T07:57:09.752Z,2022-06-03T18:04:55.393Z
302,76,BRK-002,AG-BRK-002-05,Abdel Kader,Ould Maloum,Abdel Kader Ould Maloum,M,1971-11-22,7106599737,MAURE,+22235608358,abdel kader.ouldmaloum@nafadpay.mr,CASHIER,ACTIVE,2022-06-15,CDD,E,2022-06-15T06:21:04.147Z,2024-06-13T01:02:12.467Z
303,76,BRK-002,AG-BRK-002-06,El Khalil,Soumaré,El Khalil Soumaré,M,1981-09-14,8106207363,WOLOF,+22223624571,el khalil.soumaré@nafadpay.mr,CASHIER,ACTIVE,2021-07-06,CDI,C,2021-07-06T20:23:16.322Z,2022-07-05T10:34:57.724Z
304,77,BRK-003,AG-BRK-003-01,Safiya,Mint Mahmoud,Safiya Mint Mahmoud,F,1977-06-28,7706922104,MAURE,+22225734824,safiya.mintmahmoud@nafadpay.mr,MANAGER,ACTIVE,2020-12-15,CDD,B,2020-12-15T16:30:00.601Z,2023-03-14T23:44:54.390Z
305,77,BRK-003,AG-BRK-003-02,Djibril,Sy,Djibril Sy,M,1974-11-18,7406122125,PEUL,+22223963725,djibril.sy@nafadpay.mr,CASHIER,ACTIVE,2023-09-23,STAGE,E,2023-09-23T21:46:53.207Z,2023-10-09T05:03:25.564Z
306,78,BRK-004,AG-BRK-004-01,Mbarka,Diop,Mbarka Diop,F,1983-10-25,8306336425,SONINKE,+22225275566,mbarka.diop@nafadpay.mr,MANAGER,ACTIVE,2022-07-22,CDI,A,2022-07-22T19:17:09.641Z,2022-10-20T12:21:51.512Z
307,78,BRK-004,AG-BRK-004-02,Brahim,Ould Moulaye,Brahim Ould Moulaye,M,1999-09-04,9906832388,MAURE,+22243068374,brahim.ouldmoulaye@nafadpay.mr,CASHIER,ACTIVE,2020-06-09,STAGE,E,2020-06-09T07:20:08.498Z,2021-07-13T16:35:08.090Z
308,78,BRK-004,AG-BRK-004-03,Maty,Guèye,Maty Guèye,F,1998-01-27,9806140749,WOLOF,+22245953687,maty.guèye@nafadpay.mr,CASHIER,ACTIVE,2020-12-16,CDD,D,2020-12-16T23:45:43.368Z,2024-08-23T19:01:59.961Z
309,78,BRK-004,AG-BRK-004-04,Adama,Dia,Adama Dia,M,1970-10-20,7006124213,PEUL,+22224761463,adama.dia@nafadpay.mr,CASHIER,ACTIVE,2022-10-07,CDI,E,2022-10-07T09:44:49.390Z,2023-01-29T18:13:00.997Z
310,79,GRG-001,AG-GRG-001-01,Mahjouba,Mint Taleb,Mahjouba Mint Taleb,F,1977-05-21,7707243897,MAURE,+22234930802,mahjouba.minttaleb@nafadpay.mr,MANAGER,ACTIVE,2022-07-28,CDI,B,2022-07-28T08:45:22.103Z,2024-03-23T00:10:55.279Z
311,79,GRG-001,AG-GRG-001-02,Koumba,Bâ,Koumba Bâ,F,1998-01-23,9807713386,PEUL,+22222548366,koumba.bâ@nafadpay.mr,CASHIER,ACTIVE,2023-10-08,CDI,D,2023-10-08T23:06:03.225Z,2023-12-13T16:11:00.433Z
312,79,GRG-001,AG-GRG-001-03,Jemila,Mint Horma,Jemila Mint Horma,F,1998-06-28,9807795780,MAURE,+22233352486,jemila.minthorma@nafadpay.mr,CASHIER,ACTIVE,2021-12-14,STAGE,D,2021-12-14T06:04:02.895Z,2022-11-24T15:59:25.113Z
313,79,GRG-001,AG-GRG-001-04,Abdel Rahman,Wane,Abdel Rahman Wane,M,1975-07-23,7507136874,WOLOF,+22233517552,abdel rahman.wane@nafadpay.mr,CASHIER,ACTIVE,2023-02-04,STAGE,E,2023-02-04T21:26:52.646Z,2023-12-16T06:13:19.830Z
314,80,GRG-002,AG-GRG-002-01,Wedadi,Ould El Mamy,Wedadi Ould El Mamy,M,1985-11-11,8507784885,MAURE,+22241195889,wedadi.ouldelmamy@nafadpay.mr,MANAGER,ACTIVE,2022-07-17,CDD,A,2022-07-17T03:09:34.280Z,2023-11-02T16:48:06.652Z
315,80,GRG-002,AG-GRG-002-02,Mokhtar,Sy,Mokhtar Sy,M,1970-09-03,7007741769,SONINKE,+22233692315,mokhtar.sy@nafadpay.mr,CASHIER,ACTIVE,2022-07-13,CDD,D,2022-07-13T23:13:57.858Z,2023-11-02T07:31:58.786Z
316,80,GRG-002,AG-GRG-002-03,Tidiane,Niang,Tidiane Niang,M,1978-08-25,7807864842,PEUL,+22244156505,tidiane.niang@nafadpay.mr,CASHIER,ACTIVE,2021-11-11,CDI,D,2021-11-11T04:16:42.350Z,2023-10-04T23:23:20.455Z
317,81,GRG-003,AG-GRG-003-01,Ablaye,Tall,Ablaye Tall,M,2000-09-28,0007381818,PEUL,+22247130531,ablaye.tall@nafadpay.mr,MANAGER,ACTIVE,2022-09-16,CDI,A,2022-09-16T07:08:45.487Z,2024-06-03T07:34:08.881Z
318,81,GRG-003,AG-GRG-003-02,Ahmedou,Thiam,Ahmedou Thiam,M,1974-11-21,7407072782,SONINKE,+22245312998,ahmedou.thiam@nafadpay.mr,CASHIER,ACTIVE,2023-01-01,STAGE,C,2023-01-01T15:29:20.970Z,2023-08-02T09:46:34.537Z
319,81,GRG-003,AG-GRG-003-03,Pape,Bathily,Pape Bathily,M,1970-08-04,7007380500,PEUL,+22225444934,pape.bathily@nafadpay.mr,CASHIER,ACTIVE,2021-01-14,CDI,C,2021-01-14T14:08:38.473Z,2023-07-17T12:44:56.217Z
320,81,GRG-003,AG-GRG-003-04,Defa,Mint Salem,Defa Mint Salem,F,1971-03-28,7107080249,MAURE,+22233222560,defa.mintsalem@nafadpay.mr,CASHIER,ACTIVE,2021-03-22,CDI,D,2021-03-22T10:44:30.590Z,2023-09-12T22:03:57.067Z
321,81,GRG-003,AG-GRG-003-05,Tourad,Sène,Tourad Sène,M,1971-05-25,7107635492,PEUL,+22247676937,tourad.sène@nafadpay.mr,CASHIER,ACTIVE,2022-04-02,CDI,C,2022-04-02T23:36:21.684Z,2022-04-25T05:43:22.997Z
322,82,GDM-001,AG-GDM-001-01,Maguette,Anne,Maguette Anne,F,1989-08-05,8908442959,PEUL,+22235465312,maguette.anne@nafadpay.mr,MANAGER,ACTIVE,2020-10-10,STAGE,B,2020-10-10T14:20:13.204Z,2024-07-30T14:06:29.902Z
323,82,GDM-001,AG-GDM-001-02,Idrissa,Ba,Idrissa Ba,M,1995-05-07,9508508634,PEUL,+22236988521,idrissa.ba@nafadpay.mr,CASHIER,ACTIVE,2022-10-13,STAGE,E,2022-10-13T02:41:26.603Z,2024-10-13T08:55:43.877Z
324,83,GDM-002,AG-GDM-002-01,Ely,Ndour,Ely Ndour,M,1972-11-07,7208722974,WOLOF,+22222345262,ely.ndour@nafadpay.mr,MANAGER,ACTIVE,2022-04-15,CDI,A,2022-04-15T03:24:16.089Z,2024-07-13T19:25:13.029Z
325,83,GDM-002,AG-GDM-002-02,Cheibany,Sy,Cheibany Sy,M,1970-03-16,7008419582,SONINKE,+22232395102,cheibany.sy@nafadpay.mr,CASHIER,ACTIVE,2021-05-07,CDI,C,2021-05-07T23:35:43.356Z,2023-10-28T18:24:24.225Z
326,83,GDM-002,AG-GDM-002-03,Soueidatt,Ould Isselmou,Soueidatt Ould Isselmou,M,1980-09-08,8008289678,MAURE,+22237146860,soueidatt.ouldisselmou@nafadpay.mr,CASHIER,ACTIVE,2021-01-15,CDD,D,2021-01-15T20:47:32.971Z,2021-07-17T11:48:10.429Z
327,83,GDM-002,AG-GDM-002-04,Cheibany,Ould Tourad,Cheibany Ould Tourad,M,1982-08-25,8208610612,MAURE,+22233815674,cheibany.ouldtourad@nafadpay.mr,CASHIER,ACTIVE,2022-04-26,CDD,E,2022-04-26T00:16:16.505Z,2022-08-20T10:51:12.428Z
328,84,ASB-001,AG-ASB-001-01,Ghali,Ould El Mamy,Ghali Ould El Mamy,M,1976-12-27,7609216157,MAURE,+22237758973,ghali.ouldelmamy@nafadpay.mr,MANAGER,ACTIVE,2022-12-01,CDD,A,2022-12-01T05:10:58.525Z,2023-01-07T03:59:48.947Z
329,84,ASB-001,AG-ASB-001-02,Zeinab,Diarra,Zeinab Diarra,F,1983-11-19,8309492599,WOLOF,+22223535238,zeinab.diarra@nafadpay.mr,CASHIER,ACTIVE,2023-02-10,CDI,D,2023-02-10T13:42:06.966Z,2023-05-09T12:10:42.265Z
330,84,ASB-001,AG-ASB-001-03,Defa,Sy,Defa Sy,F,1995-12-22,9509401569,PEUL,+22224854171,defa.sy@nafadpay.mr,CASHIER,INACTIVE,2020-10-28,CDD,C,2020-10-28T09:19:39.778Z,2022-06-17T10:48:16.887Z
331,84,ASB-001,AG-ASB-001-04,Moustapha,Ould Dah,Moustapha Ould Dah,M,1983-01-27,8309939641,MAURE,+22223512905,moustapha.oulddah@nafadpay.mr,CASHIER,ACTIVE,2023-05-15,STAGE,D,2023-05-15T19:58:36.934Z,2024-01-22T02:16:44.001Z
332,85,ASB-002,AG-ASB-002-01,Hamady,Ndour,Hamady Ndour,M,1983-04-21,8309522267,SONINKE,+22224352470,hamady.ndour@nafadpay.mr,MANAGER,INACTIVE,2020-10-13,CDI,B,2020-10-13T08:12:32.056Z,2021-02-09T10:02:11.234Z
333,85,ASB-002,AG-ASB-002-02,Vall,Ould Limam,Vall Ould Limam,M,1995-07-17,9509360350,MAURE,+22237698454,vall.ouldlimam@nafadpay.mr,CASHIER,ACTIVE,2023-06-03,CDI,C,2023-06-03T16:24:54.736Z,2023-09-30T04:10:46.086Z
334,85,ASB-002,AG-ASB-002-03,Awa,Ly,Awa Ly,F,2000-11-17,0009548376,PEUL,+22233433427,awa.ly@nafadpay.mr,CASHIER,ACTIVE,2022-04-09,CDD,E,2022-04-09T02:02:02.438Z,2022-10-29T17:12:51.747Z
335,86,ASB-003,AG-ASB-003-01,Youssouf,Diakité,Youssouf Diakité,M,1980-03-26,8009916126,SONINKE,+22225116462,youssouf.diakité@nafadpay.mr,MANAGER,ACTIVE,2022-09-09,CDD,B,2022-09-09T13:06:36.112Z,2023-03-24T20:52:07.955Z
336,86,ASB-003,AG-ASB-003-02,Nagi,Ould Ghali,Nagi Ould Ghali,M,1992-05-11,9209944018,MAURE,+22222956180,nagi.ouldghali@nafadpay.mr,CASHIER,ACTIVE,2022-08-14,STAGE,D,2022-08-14T13:43:23.187Z,2023-01-11T03:27:56.421Z
337,86,ASB-003,AG-ASB-003-03,Yacoub,Dieng,Yacoub Dieng,M,1992-08-14,9209233288,SONINKE,+22244465254,yacoub.dieng@nafadpay.mr,CASHIER,ACTIVE,2022-03-07,CDD,D,2022-03-07T16:16:56.679Z,2024-12-15T22:00:40.866Z
338,86,ASB-003,AG-ASB-003-04,Coumba,Mbow,Coumba Mbow,F,1989-08-02,8909966658,PEUL,+22232332217,coumba.mbow@nafadpay.mr,CASHIER,ACTIVE,2022-05-04,STAGE,C,2022-05-04T22:52:12.421Z,2022-05-28T10:45:12.147Z
339,86,ASB-003,AG-ASB-003-05,Aïda,Ndiaye,Aïda Ndiaye,F,1981-01-01,8109050777,WOLOF,+22242572993,aïda.ndiaye@nafadpay.mr,CASHIER,ACTIVE,2021-10-18,STAGE,C,2021-10-18T03:29:07.655Z,2022-02-05T14:45:14.632Z
340,86,ASB-003,AG-ASB-003-06,Aminetou,Dieng,Aminetou Dieng,F,1978-09-01,7809458988,PEUL,+22248225796,aminetou.dieng@nafadpay.mr,CASHIER,ACTIVE,2022-12-23,CDI,C,2022-12-23T21:01:16.078Z,2023-12-13T04:07:51.898Z
341,87,HCH-001,AG-HCH-001-01,El Hacen,Ndour,El Hacen Ndour,M,1995-12-10,9510970988,PEUL,+22234175371,el hacen.ndour@nafadpay.mr,MANAGER,ACTIVE,2022-09-16,CDD,B,2022-09-16T01:51:45.022Z,2024-09-30T18:35:11.511Z
342,87,HCH-001,AG-HCH-001-02,Aicha,Dieng,Aicha Dieng,F,1972-05-14,7210051567,SONINKE,+22224465108,aicha.dieng@nafadpay.mr,CASHIER,ACTIVE,2023-10-12,CDI,E,2023-10-12T22:46:03.055Z,2024-10-11T14:48:44.272Z
343,87,HCH-001,AG-HCH-001-03,Youssouf,Dia,Youssouf Dia,M,1981-04-07,8110312589,SONINKE,+22225547509,youssouf.dia@nafadpay.mr,CASHIER,INACTIVE,2022-11-13,CDI,E,2022-11-13T15:45:50.716Z,2023-06-28T12:27:19.959Z
344,87,HCH-001,AG-HCH-001-04,Amady,Ndour,Amady Ndour,M,1981-12-22,8110399988,WOLOF,+22223195326,amady.ndour@nafadpay.mr,CASHIER,ACTIVE,2022-03-19,CDI,E,2022-03-19T14:45:53.998Z,2022-12-11T01:50:23.568Z
345,87,HCH-001,AG-HCH-001-05,Tourad,Ould Hamoud,Tourad Ould Hamoud,M,1994-04-10,9410662323,MAURE,+22234432072,tourad.ouldhamoud@nafadpay.mr,CASHIER,ACTIVE,2021-08-07,CDD,C,2021-08-07T20:38:18.349Z,2022-07-19T14:44:00.819Z
346,88,HCH-002,AG-HCH-002-01,Yacoub,Dramé,Yacoub Dramé,M,2000-06-11,0010330984,PEUL,+22223978601,yacoub.dramé@nafadpay.mr,MANAGER,ACTIVE,2022-04-30,CDI,B,2022-04-30T12:58:30.536Z,2023-12-07T12:54:09.501Z
347,88,HCH-002,AG-HCH-002-02,Yacoub,Diallo,Yacoub Diallo,M,1993-09-16,9310869938,SONINKE,+22237057357,yacoub.diallo@nafadpay.mr,CASHIER,ACTIVE,2021-07-02,STAGE,C,2021-07-02T05:32:41.561Z,2022-03-09T20:07:33.169Z
348,88,HCH-002,AG-HCH-002-03,Isselmou,Sy,Isselmou Sy,M,2000-07-04,0010664366,PEUL,+22223638815,isselmou.sy@nafadpay.mr,CASHIER,ACTIVE,2020-03-30,STAGE,E,2020-03-30T09:14:10.551Z,2020-06-24T23:35:07.407Z
349,88,HCH-002,AG-HCH-002-04,Souleymane,Ould Moulaye,Souleymane Ould Moulaye,M,1991-06-19,9110426676,MAURE,+22222128375,souleymane.ouldmoulaye@nafadpay.mr,CASHIER,ACTIVE,2020-12-21,STAGE,D,2020-12-21T05:45:48.194Z,2023-10-08T10:55:17.817Z
350,89,HGH-001,AG-HGH-001-01,Alioune,Thiam,Alioune Thiam,M,1973-11-16,7311369404,PEUL,+22237262566,alioune.thiam@nafadpay.mr,MANAGER,ACTIVE,2023-09-11,STAGE,B,2023-09-11T21:45:26.998Z,2024-05-15T19:34:46.931Z
351,89,HGH-001,AG-HGH-001-02,Abdel Aziz,Ould Isselmou,Abdel Aziz Ould Isselmou,M,1978-12-01,7811983861,MAURE,+22224473306,abdel aziz.ouldisselmou@nafadpay.mr,CASHIER,ACTIVE,2021-09-14,CDD,D,2021-09-14T18:49:24.706Z,2022-02-23T17:26:29.174Z
352,89,HGH-001,AG-HGH-001-03,Fatima,Mint Limam,Fatima Mint Limam,F,1996-08-28,9611325344,MAURE,+22237714222,fatima.mintlimam@nafadpay.mr,CASHIER,ACTIVE,2021-04-24,STAGE,C,2021-04-24T16:33:52.297Z,2023-04-06T16:09:55.547Z
353,89,HGH-001,AG-HGH-001-04,Halima,Mint Soufi,Halima Mint Soufi,F,1974-10-22,7411817908,MAURE,+22222459473,halima.mintsoufi@nafadpay.mr,CASHIER,ACTIVE,2021-10-22,CDD,C,2021-10-22T10:15:36.331Z,2021-12-06T22:48:54.252Z
354,90,HGH-002,AG-HGH-002-01,Khadija,Diakité,Khadija Diakité,F,1977-10-01,7711765419,SONINKE,+22234743727,khadija.diakité@nafadpay.mr,MANAGER,ACTIVE,2022-03-06,CDI,B,2022-03-06T03:44:28.494Z,2023-11-05T21:39:30.524Z
355,90,HGH-002,AG-HGH-002-02,Mounina,Mint Abdel Kader,Mounina Mint Abdel Kader,F,1984-06-27,8411996693,MAURE,+22234604520,mounina.mintabdelkader@nafadpay.mr,CASHIER,ACTIVE,2020-01-25,CDD,E,2020-01-25T19:40:37.056Z,2020-03-01T09:11:01.649Z
356,91,ADR-001,AG-ADR-001-01,Mohamed Lemine,Ould Wedadi,Mohamed Lemine Ould Wedadi,M,1978-11-01,7812073244,MAURE,+22237146804,mohamed lemine.ouldwedadi@nafadpay.mr,MANAGER,ACTIVE,2021-03-16,STAGE,B,2021-03-16T16:22:52.161Z,2022-06-22T17:22:37.397Z
357,91,ADR-001,AG-ADR-001-02,Vadel,Ould Abdel Kader,Vadel Ould Abdel Kader,M,1979-10-09,7912842047,MAURE,+22245235318,vadel.ouldabdelkader@nafadpay.mr,CASHIER,ACTIVE,2020-01-09,STAGE,C,2020-01-09T17:59:52.010Z,2023-12-26T02:08:23.435Z
358,92,ADR-002,AG-ADR-002-01,Moussa,Touré,Moussa Touré,M,1984-03-03,8412524365,WOLOF,+22223857789,moussa.touré@nafadpay.mr,MANAGER,ACTIVE,2021-08-11,CDI,B,2021-08-11T05:43:46.374Z,2023-02-05T17:42:14.891Z
359,92,ADR-002,AG-ADR-002-02,Djibril,Diagana,Djibril Diagana,M,1998-05-27,9812522245,WOLOF,+22235152303,djibril.diagana@nafadpay.mr,CASHIER,ACTIVE,2020-03-15,CDI,D,2020-03-15T22:55:10.979Z,2024-03-20T03:44:37.861Z
360,92,ADR-002,AG-ADR-002-03,Mahjouba,Mint Maloum,Mahjouba Mint Maloum,F,1983-04-10,8312748520,MAURE,+22235280582,mahjouba.mintmaloum@nafadpay.mr,CASHIER,ACTIVE,2023-05-29,CDI,C,2023-05-29T16:44:20.135Z,2024-01-18T02:29:57.701Z
361,93,ADR-003,AG-ADR-003-01,Hawa,Koita,Hawa Koita,F,1970-04-12,7012281731,SONINKE,+22224023556,hawa.koita@nafadpay.mr,MANAGER,ACTIVE,2022-11-24,CDD,B,2022-11-24T12:37:09.281Z,2023-05-04T23:04:16.820Z
362,93,ADR-003,AG-ADR-003-02,Meymouna,Mint Mokhtar,Meymouna Mint Mokhtar,F,1999-10-22,9912336429,MAURE,+22223045744,meymouna.mintmokhtar@nafadpay.mr,CASHIER,ACTIVE,2021-03-12,STAGE,D,2021-03-12T18:01:07.256Z,2022-07-16T05:40:45.221Z
363,93,ADR-003,AG-ADR-003-03,Aicha,Mint Zein,Aicha Mint Zein,F,1976-10-21,7612207151,MAURE,+22241469304,aicha.mintzein@nafadpay.mr,CASHIER,ACTIVE,2022-11-27,STAGE,D,2022-11-27T19:37:40.191Z,2024-06-28T19:34:42.391Z
364,93,ADR-003,AG-ADR-003-04,Lamine,Anne,Lamine Anne,M,1981-08-07,8112706724,WOLOF,+22245658097,lamine.anne@nafadpay.mr,CASHIER,ACTIVE,2023-08-01,CDI,C,2023-08-01T00:51:16.670Z,2024-04-26T13:45:39.506Z
365,93,ADR-003,AG-ADR-003-05,Nagi,Ould Vall,Nagi Ould Vall,M,1988-10-14,8812114702,MAURE,+22237803613,nagi.ouldvall@nafadpay.mr,CASHIER,INACTIVE,2021-10-20,CDI,C,2021-10-20T14:10:04.229Z,2023-09-24T23:07:56.040Z
366,93,ADR-003,AG-ADR-003-06,Serigne,Thiam,Serigne Thiam,M,1971-05-06,7112965696,WOLOF,+22225990987,serigne.thiam@nafadpay.mr,CASHIER,ACTIVE,2020-01-24,STAGE,E,2020-01-24T09:19:33.938Z,2023-11-19T13:02:57.712Z
367,94,TGT-001,AG-TGT-001-01,Wedadi,Ould Abdel Kader,Wedadi Ould Abdel Kader,M,1991-11-14,9113914075,MAURE,+22242619597,wedadi.ouldabdelkader@nafadpay.mr,MANAGER,ACTIVE,2021-01-27,CDD,B,2021-01-27T08:51:23.558Z,2021-11-08T23:17:41.777Z
368,94,TGT-001,AG-TGT-001-02,Aminetou,Mint Ahmed,Aminetou Mint Ahmed,F,1995-12-05,9513325569,MAURE,+22224488198,aminetou.mintahmed@nafadpay.mr,CASHIER,ACTIVE,2021-07-12,CDI,C,2021-07-12T23:53:39.418Z,2022-06-16T04:46:25.514Z
369,95,INR-001,AG-INR-001-01,Lamine,Sow,Lamine Sow,M,1996-08-23,9614570361,PEUL,+22243363526,lamine.sow@nafadpay.mr,MANAGER,ACTIVE,2023-07-29,STAGE,A,2023-07-29T06:53:11.718Z,2023-09-02T10:13:16.313Z
370,95,INR-001,AG-INR-001-02,Youssouf,Bathily,Youssouf Bathily,M,1995-07-01,9514814956,PEUL,+22224950416,youssouf.bathily@nafadpay.mr,CASHIER,ACTIVE,2020-04-01,CDD,C,2020-04-01T12:42:14.559Z,2021-09-14T09:24:02.014Z
371,96,TYS-001,AG-TYS-001-01,Youssouf,Ould Eleya,Youssouf Ould Eleya,M,1990-08-24,9015295449,MAURE,+22233042084,youssouf.ouldeleya@nafadpay.mr,MANAGER,ACTIVE,2023-08-09,STAGE,A,2023-08-09T12:36:00.880Z,2024-05-08T15:36:58.805Z
372,96,TYS-001,AG-TYS-001-02,Aminata,Anne,Aminata Anne,F,1985-12-19,8515792243,PEUL,+22235788702,aminata.anne@nafadpay.mr,CASHIER,ACTIVE,2020-01-30,CDD,C,2020-01-30T15:11:39.061Z,2021-06-07T14:23:14.315Z
373,96,TYS-001,AG-TYS-001-03,N'Dèye,Baldé,N'Dèye Baldé,F,1994-01-03,9415105690,WOLOF,+22241184032,n'dèye.baldé@nafadpay.mr,CASHIER,ACTIVE,2020-05-19,CDD,E,2020-05-19T19:58:06.434Z,2021-12-05T05:35:33.465Z
374,96,TYS-001,AG-TYS-001-04,Khadijetou,Kouyaté,Khadijetou Kouyaté,F,1988-01-04,8815672276,WOLOF,+22222496574,khadijetou.kouyaté@nafadpay.mr,CASHIER,INACTIVE,2023-04-17,STAGE,D,2023-04-17T02:57:26.644Z,2024-02-04T16:16:18.578Z
375,97,TYS-002,AG-TYS-002-01,Tamba,Dia,Tamba Dia,M,1972-02-07,7215448753,SONINKE,+22223731097,tamba.dia@nafadpay.mr,MANAGER,ACTIVE,2023-08-27,CDD,B,2023-08-27T04:00:38.983Z,2023-09-03T05:30:55.926Z
376,97,TYS-002,AG-TYS-002-02,Maimouna,Barry,Maimouna Barry,F,1996-10-27,9615046540,WOLOF,+22225689589,maimouna.barry@nafadpay.mr,CASHIER,ACTIVE,2022-01-20,STAGE,D,2022-01-20T02:03:39.509Z,2023-05-09T20:17:32.561Z
377,97,TYS-002,AG-TYS-002-03,Aïssata,Diakité,Aïssata Diakité,F,1984-03-26,8415908599,SONINKE,+22235058186,aïssata.diakité@nafadpay.mr,CASHIER,ACTIVE,2023-12-13,CDD,C,2023-12-13T16:03:39.049Z,2024-07-10T03:04:26.856Z
378,97,TYS-002,AG-TYS-002-04,Lehbib,Ould Brahim,Lehbib Ould Brahim,M,1985-01-26,8515600724,MAURE,+22236716717,lehbib.ouldbrahim@nafadpay.mr,CASHIER,ACTIVE,2021-04-09,STAGE,D,2021-04-09T19:03:10.858Z,2023-07-26T22:13:10.621Z
379,98,TYS-003,AG-TYS-003-01,Mbareck,Thiam,Mbareck Thiam,M,1997-06-25,9715874898,PEUL,+22235866649,mbareck.thiam@nafadpay.mr,MANAGER,ACTIVE,2023-06-28,CDI,A,2023-06-28T13:20:16.048Z,2023-08-07T11:11:34.486Z
380,98,TYS-003,AG-TYS-003-02,Yacouba,Anne,Yacouba Anne,M,1983-02-01,8315677737,PEUL,+22225652538,yacouba.anne@nafadpay.mr,CASHIER,ACTIVE,2022-06-10,CDD,D,2022-06-10T04:26:03.905Z,2024-11-20T14:48:40.679Z
381,98,TYS-003,AG-TYS-003-03,Ibrahima,Koita,Ibrahima Koita,M,1981-04-22,8115192591,WOLOF,+22223442904,ibrahima.koita@nafadpay.mr,CASHIER,ACTIVE,2023-06-21,CDI,E,2023-06-21T05:18:11.470Z,2023-10-25T20:53:08.072Z
382,98,TYS-003,AG-TYS-003-04,Soueidatt,Diallo,Soueidatt Diallo,M,1975-09-22,7515269904,PEUL,+22236403224,soueidatt.diallo@nafadpay.mr,CASHIER,INACTIVE,2020-03-09,CDD,E,2020-03-09T23:59:51.598Z,2020-09-30T12:42:18.583Z
383,98,TYS-003,AG-TYS-003-05,Penda,Bathily,Penda Bathily,F,1981-02-25,8115144789,PEUL,+22243205325,penda.bathily@nafadpay.mr,CASHIER,ACTIVE,2020-09-25,STAGE,D,2020-09-25T16:48:20.287Z,2021-03-18T23:51:50.725Z
384,98,TYS-003,AG-TYS-003-06,Ely,Sy,Ely Sy,M,1998-11-13,9815367469,SONINKE,+22225038503,ely.sy@nafadpay.mr,CASHIER,ACTIVE,2022-12-14,STAGE,C,2022-12-14T21:11:36.098Z,2024-07-17T20:36:38.149Z
385,99,TYS-004,AG-TYS-004-01,Djimé,Kouyaté,Djimé Kouyaté,M,1975-09-23,7515834890,PEUL,+22237121529,djimé.kouyaté@nafadpay.mr,MANAGER,ACTIVE,2020-11-25,STAGE,A,2020-11-25T22:29:54.773Z,2022-10-09T13:37:54.190Z
386,99,TYS-004,AG-TYS-004-02,Sékou,Diallo,Sékou Diallo,M,1988-08-17,8815742409,PEUL,+22247688709,sékou.diallo@nafadpay.mr,CASHIER,ACTIVE,2023-04-04,CDD,C,2023-04-04T17:52:46.822Z,2024-09-06T21:26:13.784Z
387,99,TYS-004,AG-TYS-004-03,Safi,Yatabaré,Safi Yatabaré,F,2000-04-15,0015042585,PEUL,+22225602042,safi.yatabaré@nafadpay.mr,CASHIER,INACTIVE,2020-06-26,STAGE,C,2020-06-26T23:48:17.465Z,2023-12-02T12:26:36.179Z
388,99,TYS-004,AG-TYS-004-04,Leila,Mint Abeih,Leila Mint Abeih,F,1986-02-19,8615240916,MAURE,+22244680102,leila.mintabeih@nafadpay.mr,CASHIER,ACTIVE,2022-12-12,STAGE,E,2022-12-12T15:35:33.931Z,2024-11-12T07:04:28.853Z
389,99,TYS-004,AG-TYS-004-05,Khadijetou,Mint Nenni,Khadijetou Mint Nenni,F,1970-10-14,7015475469,MAURE,+22236888603,khadijetou.mintnenni@nafadpay.mr,CASHIER,ACTIVE,2022-09-25,CDI,E,2022-09-25T22:29:49.369Z,2022-11-13T16:43:44.068Z
390,99,TYS-004,AG-TYS-004-06,Aminetou,Mint Mahmoud,Aminetou Mint Mahmoud,F,1975-02-15,7515155098,MAURE,+22233676618,aminetou.mintmahmoud@nafadpay.mr,CASHIER,ACTIVE,2021-01-09,CDD,D,2021-01-09T10:10:29.744Z,2022-09-25T16:50:47.848Z
391,100,TYS-005,AG-TYS-005-01,Assa,Camara,Assa Camara,F,1984-07-24,8415919894,PEUL,+22236372659,assa.camara@nafadpay.mr,MANAGER,ACTIVE,2022-07-21,CDI,A,2022-07-21T19:10:03.626Z,2023-01-31T03:29:13.038Z
392,100,TYS-005,AG-TYS-005-02,Sakouba,Ba,Sakouba Ba,M,1974-05-25,7415008230,PEUL,+22233516716,sakouba.ba@nafadpay.mr,CASHIER,ACTIVE,2021-07-21,CDD,E,2021-07-21T20:20:10.650Z,2021-12-11T11:19:05.378Z